member_state,status_initial,status_verified,verification_note,confidence,date_adopted,date_published,date_in_force,date_first_participants,participants_count,derogation_power,derogation_power_note,suff_funding,suff_funding_note,suff_graduation,suff_graduation_note,suff_recognition,suff_recognition_note,last_checked,legal_instrument,instrument_date,competent_authority,sectors_in_scope,health_ai_in_scope,participants,entry_criteria_published,exit_report_required,adversarial_verification,notes,source_urls
Austria,nothing_reported,nothing_reported,,medium,,,,,n/a,n-a,,n-a,,n-a,,n-a,,2026-09-08,none found,n/a,"none designated for a sandbox. The RTR KI-Servicestelle (AI Service Desk) exists but its statutory basis — § 20c KOG and § 194a TKG, inserted by BGBl. I Nr. 6/2024 — gives it an advisory/information-hub mandate only, not sandbox operation. Austria had also not designated its Art. 70 market surveillance or notifying authorities as of mid-2026.","n/a — no instrument. A Wirtschaftskammer Österreich (WKO) white paper of 5 Feb 2026 proposes a sector-neutral sandbox naming health, industry, mobility, energy, education, public administration and critical infrastructure as relevant domains, with political responsibility at the Bundeskanzleramt and oversight by existing sectoral authorities. This is a business-chamber proposal, not government policy.",not specified,none — no sandbox in operation,no,unknown,n/a,"No operational sandbox and no national instrument as of Sept 2026. The RTR AI Service Desk's own AI Act pages and FAQ describe the Art. 57 obligation generically and record the Omnibus postponement of the sandbox deadline, but say nothing about an Austrian sandbox, an authority, or a draft. The Digital Austria government AI Act page likewise covers only Art. 77 fundamental-rights authority designation. The WKO white paper (5 Feb 2026) and its companion article (5 May 2026) state explicitly that Austria has no dedicated legal framework, no designated authority and no government draft — that negative is the strongest evidence here, and it comes from an advocacy source rather than government, which is why confidence is medium not high. A May 2025 secondary source describes Austria as 'evaluating the concept through its AI Service Desk'; that is stale and unconfirmed by any RTR or federal source. Coded nothing_reported rather than announced because no government body has publicly committed to establishing one. Gap for the paper: no primary Austrian government statement of intent either way was found — worth a direct query to RTR/BKA before publication.","https://www.rtr.at/rtr/service/ki-servicestelle/ki-servicestelle.de.html
https://www.rtr.at/rtr/service/ki-servicestelle/ai-act/AI_Act.en.html
https://www.rtr.at/rtr/service/ki-servicestelle/faq/FAQ.de.html
https://www.digitalaustria.gv.at/themen/kuenstliche-intelligenz/ai-act.html
https://www.wko.at/oe/news/weissbuch-regulatorisches-ki-reallabor-oesterreich.pdf
https://www.wko.at/oe/news/ki-sandbox-soll-markteintritt-rechtssicher-beschleunigen
https://ai-act-service-desk.ec.europa.eu/en/national-resources"
Belgium,nothing_reported,nothing_reported,,medium,,,,,n/a,n-a,,n-a,,n-a,,n-a,,2026-09-08,none found,n/a,"none designated. As of 29 July 2026 Belgium had no officially appointed AI Act supervisor; the FPS Economy (FOD Economie / SPF Economie) coordinates implementation and confirmed to VRT NWS that the characterisation of a current 'legal vacuum' is correct. BIPT/IBPT (Belgian Institute for Postal Services and Telecommunications) is expected to become the principal market surveillance authority per the Federal Coalition Agreement 2025-2029, but this requires parliamentary approval that had not happened.",n/a — no instrument,not specified,none — no sandbox in operation,no,unknown,n/a,"No operational sandbox, no national instrument, and no designated authority as of late July 2026 (VRT NWS, 29 July 2026, quoting FPS Economy). A federal implementing bill was reported as in development but not yet before parliament; no text or title was traceable to a primary source, so it is not recorded as an instrument. Federal-structure caveat matters for the paper: Belgium's AI Act competence is split between the federal level and the communities/regions, which is the stated reason for the delay. Earlier signals are all pre-instrument and advisory: Senate written question 8-19 (18 Dec 2024) drew a ministerial answer that analysis was ongoing with a political decision expected 'at the earliest from February 2025' and made no mention of a sandbox; the FARI Institute / Kenniscentrum Data & Maatschappij event of 17 Dec 2024 presented academic 'recommendations for creating an AI regulatory sandbox in Belgium', i.e. a proposal, not a commitment. A Council of Ministers decision of 24 April 2026 does concern AI but is an unrelated bill on AI use by intelligence and security services — do not miscite it as AI Act implementation. Note the FPS Economy AI Act pages (economie.fgov.be/en|fr/themes/enterprises/ai-act) could not be retrieved (robots.txt), so their current content is unverified; a manual check is advisable before publication.","https://www.vrt.be/vrtnws/nl/2026/07/29/geen-toezichthouder-wel-al-strengere-regels-hoe-ver-staat-belg/
https://www.senate.be/www/?MIval=Vragen%2FSchriftelijkeVraag&LEG=8&NR=19&LANG=fr
https://www.fari.brussels/fr/calendrier/bacs-sable-ia
https://ai-act-service-desk.ec.europa.eu/en/national-resources
https://news.belgium.be/fr/mise-jour-de-la-loi-organique-des-services-de-renseignement-et-de-securite"
Bulgaria,announced,announced,,medium,,,,,n/a,n-a,,no,"2026 project proposal of EUR 213,520 for capacity and a regulatory laboratory, rated LOW PRIORITY by the Ministry of Finance and unfunded.",n-a,,n-a,,2026-09-08,"none found. Two things are often miscited as instruments and are not: (1) the private member's bill 'Законопроект за използването и развитието на изкуствения интелект' (Bill on the Use and Development of Artificial Intelligence), tabled by MP Bozhidar Bozhanov (Da, Bulgaria) on 8 Oct 2025, which contained provisions for 'регулаторни лаборатории' (regulatory laboratories) but was REJECTED at first reading by the National Assembly's Committee on Electronic Governance and Information Technologies on 27 Nov 2025, the Ministry of Electronic Governance opposing it on 22 grounds; (2) a 2026 budget project proposal for 'administrative capacity and a regulatory laboratory for AI', budgeted at EUR 213,520, which the Ministry of Finance rated LOW PRIORITY.",n/a,"none designated. The Ministry of Electronic Governance (Министерство на електронното управление, MEG) is the designated lead for AI Act implementation and coordinates an inter-ministerial working group tasked with producing the national framework (target March 2026). MEG had drafted a proposal to designate the Bulgarian Accreditation Service as the national notifying body, not approved by the Council of Ministers as of Jan 2026. No market surveillance authority designated; MEG stated Bulgaria 'still has no oversight of high-risk AI systems'.",n/a — no instrument,not specified,none — no sandbox in operation,no,unknown,n/a,"Coded 'announced' on the strength of a documented, government-side intention: MEG disclosed in an official FOI response (16-22 Dec 2025) and to the state news agency BTA (9 Jan 2026) a 2026 project proposal to build administrative capacity and a regulatory laboratory for AI. Read that coding with the caveat that the proposal was rated low priority by the Ministry of Finance and is unfunded — a reader applying a stricter definition of 'public commitment' could defensibly recode this to nothing_reported, and the paper should say which convention it uses. MEG identified insufficient expert capacity, missing technical infrastructure and institutional coordination as the obstacles. The rejected Bozhanov bill is the only Bulgarian text found containing sandbox provisions; its specific articles were not retrievable from a primary source, so no article numbers are asserted here. No post-January-2026 primary source on Bulgarian progress was found, so the March 2026 working-group target is unverified as met or missed — a marked gap.","https://www.bta.bg/bg/news/economy/1039767-balgariya-vse-oshte-nyama-nadzor-nad-visokoriskovite-sistemi-s-izkustven-intelek
https://www.bta.bg/bg/news/bulgaria/1016953-komisiyata-po-elektronno-upravlenie-i-informatsionni-tehnologii-ne-prie-zakonopr
https://pitay.government.bg/application/17911/view
https://dabulgaria.bg/wp-content/uploads/2025/09/Zakon-za-izpolzvaneto-i-razvitieto-na-izkustveniya-intelekt.pdf
https://ai-act-service-desk.ec.europa.eu/en/national-resources"
Croatia,nothing_reported,nothing_reported,,medium,,,,,n/a,n-a,,n-a,,n-a,,n-a,,2026-09-08,"none found. A 'Zakon o provedbi uredbe (EU) 2024/1689 ... (Akt o umjetnoj inteligenciji)' appears on the government's e-Savjetovanja portal only as a legislative-activity consultation form (entityId 29348); the page could not be retrieved (404 on fetch), so neither its dates nor its content are verified, and no draft text, adoption or Narodne novine publication was found.",n/a,"none designated for a sandbox, and no Art. 70 market surveillance or notifying authority designated as of July 2026. The Ministry of Justice, Administration and Digital Transformation (MPUDT) is preparing the national framework; the Central State Office for the Development of Digital Society represented Croatia at the AI Board. Separately, MPUDT published a list of Art. 77 fundamental-rights authorities on 5 Dec 2024 (Ombudswoman; Ombudswoman for Children; for Gender Equality; for Persons with Disabilities; AZOP/data protection agency; State Election Commission; Agency for Electronic Media) — this is Art. 77 designation only and must not be cited as sandbox or market-surveillance designation.",n/a — no instrument,not specified,none — no sandbox in operation,no,unknown,n/a,"Croatia is the least-documented of the four. As of 20 July 2026 there was no adopted implementing law, no designated regulator, and sandbox parameters were explicitly still open — CroAI's Stefan Martinic framed 'sto ce biti s regulatornim pjescanicima' (what will happen with the regulatory sandboxes) as a question for forthcoming legislation, and noted Croatia was roughly a year behind on the August 2025 authority-designation deadline. Industry commentary flags fragmentation risk across HAKOM, AZOP and HANFA. No Croatian government source found that mentions a sandbox at all. Two verification gaps worth closing before publication: the e-Savjetovanja consultation entry (esavjetovanja.gov.hr/ECon/MainScreen?entityId=29348) needs a manual look, and a Narodne novine search should be re-run close to submission in case an instrument lands. Croatia is not individually named in the EPRS April 2026 state-of-play note, which places it among the 16 member states that had not communicated sandbox plans.","https://mpudt.gov.hr/vijesti/objavljen-popis-nadleznih-tijela-sukladno-uredbi-o-umjetnoj-inteligenciji/29657
https://www.netokracija.com/ai-akt-podcast-stefan-martinic-henna-virkkunen-245603
https://www.netokracija.com/hrvatska-ai-akt-developeri-zatvoru-241692
https://financije.hr/hrvatska-priprema-zakonski-okvir-za-nadzor-primjene-umjetne-inteligencije/
https://esavjetovanja.gov.hr/ECon/MainScreen?entityId=29348
https://ai-act-service-desk.ec.europa.eu/en/national-resources"
Cyprus,nothing_reported,nothing_reported,,medium,,,,,n/a,n-a,,n-a,,n-a,,n-a,,2026-09-08,"none found — no national AI Act implementing law has been enacted or even put to public consultation as of mid-2026; authority designation was made by Council of Ministers decision (reported as January 2025), not by statute",unknown (Council of Ministers governance decision reported as January 2025; no sandbox instrument),"Commissioner of Communications (Επίτροπος Επικοινωνιών / OCECPR) — designated Notifying Authority, Market Surveillance Authority and national Single Point of Contact per the European Commission's AI Act Service Desk national-resources listing. The Commissioner for Personal Data Protection has a parallel role for data-protection aspects. No authority has been designated to operate a sandbox.",n/a — no sandbox established,not specified,unknown,no,unknown,n/a,"No Cypriot sandbox found in any source. Two independent Cypriot press reports (Ink/Offsite, 30 June 2026; Sigmalive, 12 August 2026) both report that Cyprus has no AI Act implementing bill: the Legal Service is quoted saying 'δεν υπάρχει αυτή τη στιγμή νομοσχέδιο' (no bill currently exists), and the Data Protection Commissioner is quoted saying the framework remains under formation because the techno-economic study commissioned by the Deputy Ministry of Research, Innovation and Digital Policy is unfinished and the bill has not gone to public consultation. Neither article mentions a sandbox. The official ai.cy portal (run by the Commissioner of Communications) states only the obligation itself — that member states must have at least one sandbox operational by 02/08/2027, which independently confirms Cyprus is working to the post-Omnibus deadline. CAVEAT for the paper: the two Cypriot press reports differ on the division of roles — the June 2026 report describes the Communications Commissioner as coordination point and the DPA as market surveillance authority, while the August 2026 report and the Commission's own Service Desk listing give the Communications Commissioner the notifying, market-surveillance and SPOC roles. I have followed the Commission Service Desk as the authoritative source. Cite Cyprus as a confirmed gap, not as an unresearched one.","https://ai-act-service-desk.ec.europa.eu/en/national-resources
https://ai.cy/
https://www.sigmalive.com/news/local/1325508/h-ee-vazei-freno-stin-anekseleghkti-tekhniti-noimosyni-ti-iskhyei-ghia-tin-kypro
https://ink.com/articles/639008/tehniti-noimosyni-oi-polites-anohyrotoi-eno-i-kypros-akomi-htizei-tis-dikleides-asfaleias"
Czechia,implementing,implementing,,medium,,,,,unknown,n-a,,unknown,,unknown,,unknown,,2026-09-08,"No adopted AI-specific national instrument. (a) Sandbox operatorship was assigned administratively by the government-approved 'Plán implementace AI Actu v ČR' (government approval 28 May 2025). (b) A draft adaptation law (návrh zákona o umělé inteligenci, prepared by the Ministry of Industry and Trade / MPO, draft published 12 January 2026) contains the sandbox provisions but had not been adopted as of the latest sourcing. (c) Act No. 328/2025 Coll. on research, development, innovation and knowledge transfer provides a general, non-AI-specific statutory regulatory-sandbox framework.",Government implementation plan approved 28 May 2025; MPO draft AI law published 12 January 2026 (not adopted); Act 328/2025 Coll. enacted 2025,"Czech Agency for Standardization (Česká agentura pro standardizaci, ČAS) operates the sandbox; the Office for Technical Standardization, Metrology and State Testing (ÚNMZ) is its founder and the notifying authority. Separately, the Czech Telecommunication Office (ČTÚ) is the general market surveillance authority and SPOC, with the Czech National Bank (financial sector) and the Office for Personal Data Protection (ÚOOÚ, biometrics/law-enforcement high-risk) as co-supervisors.","Cross-sectoral in design. Reporting emphasises automotive/autonomous systems and advanced analytics; the government implementation-plan coverage also names biometric identification, visa processing and medical robotics among high-risk applications generally. SME-oriented.",not specified,unknown,unknown,unknown,n/a,"Do NOT code Czechia as operational. Lupa.cz (12 May 2026) reported the sandbox was scheduled to launch 'during this August' (2026) under ČAS with MPO funding making it free for startups, and that entry is not automatic — a selection process applies. I could find no source confirming the launch actually happened, no ČAS application call, and no ČAS sandbox page (a site search of agenturacas.gov.cz returned nothing on AI sandboxes). Treat 'implementing' as the defensible coding: the operator is designated and a draft instrument exists, but neither operation nor the instrument is confirmed. On entry criteria: the draft law reportedly delegates the criteria to ČAS, which is to publish them on its website, and entry requires a signed agreement with no right to admission — so criteria are provided for but not (yet) published. Legislative status is a live risk: the draft was in inter-ministerial review in Feb 2026 and expected to go to government before 2 August 2026; a Czech government change followed the October 2025 election, and I found no confirmation of adoption. TRAP FLAGGED: Act No. 328/2025 Coll. is titled 'o výzkumu, vývoji, inovacích a transferu znalostí' (research, development, innovation and knowledge transfer) — it is a general innovation/sandbox framework, NOT the AI Act sandbox instrument. A consultancy tracker (regulatornisandboxy.cz, AQE advisors) presents it alongside the AI Act and still states the sandbox deadline as August 2026, i.e. it is pre-Omnibus and stale; I could not read the statute text directly (zakonyprolidi.cz and e-sbirka.gov.cz both blocked machine fetch), so do not cite 328/2025 as the AI sandbox basis without reading the text.","https://agenturacas.gov.cz/vlada-schvalila-klicovy-dokument-pro-rozvoj-i-bezpecnost-ai-v-cesku/
https://www.businessinfo.cz/clanky/rozvoj-umele-inteligence-v-cesku-vlada-schvalila-zajisteni-implementace-ai-aktu/
https://www.lupa.cz/aktuality/v-cesku-bude-mozne-uz-letos-testovat-umelou-inteligenci-bez-hrozby-pokut-a-postihu/
https://www.leitnerlaw.cz/novinky/ai-act-v-praxi-cesky-adaptacni-zakon-vymezuje-kompetence-postupy-a-sankce/
https://www.pravniprostor.cz/clanky/pravo-it/rok-2026-realny-test-ai-regulace-od-teorie-k-praxi
https://www.stuchlikova.com/en/blog/2026/ai-act-draft-law-on-artificial-intelligence/
https://ai-act-service-desk.ec.europa.eu/en/national-resources
https://www.zakonyprolidi.cz/cs/2025-328"
Denmark,operational,not_art57,"Refuted. Operational GDPR/data-protection sandbox (est. March 2024), not constituted under Art. 57. No Danish instrument creates an Art. 57 sandbox.",high,,,,2024-07-08,7,no,"Administrative GDPR-sandbox programme; guidance only, no derogation power.",unknown,,no,"Final reports are required and published as a programme rule, not as a statutory Art. 57(7) obligation.",no,"Not constituted under Art. 57, so Art. 58(2) does not attach.",2026-09-08,"None found for the sandbox itself. The Danish AI Act implementing statute is Lov nr. 467 af 14. maj 2025 om supplerende bestemmelser til forordningen om kunstig intelligens (in force 2 August 2025), which designates authorities and sanctions but contains no sandbox provisions. The sandbox is established administratively by Datatilsynet and Digitaliseringsstyrelsen as part of the government's digitalisation strategy.","Lov nr. 467 of 14 May 2025 (in force 2 August 2025) — authority designation only, no sandbox provision. Sandbox itself has no dated legal instrument; first round announced 8 July 2024.","Jointly operated by Datatilsynet (Danish Data Protection Authority) and Digitaliseringsstyrelsen (Danish Agency for Digital Government). Under Lov nr. 467/2025, Digitaliseringsstyrelsen is the central contact point, notifying authority and coordinating market surveillance authority; Datatilsynet is market surveillance authority for Art. 5(1)(d) and (g); Domstolsstyrelsen for court use of AI.","Cross-sectoral. Any actual or potential AI-system provider — companies, public authorities and other organisations — may apply; the programme explicitly contemplates drawing in sectoral regulators where health law (sundhedsloven), social legislation or employment law intersects with data protection and the AI Act.",yes,"7 projects across three rounds: round 1 (announced 8 July 2024) — 2 projects from 23 applications (Tryg Forsikring; Systematic with Copenhagen, Aarhus and Aalborg municipalities, the 'Talt' health/elderly-care documentation project); round 2 (announced 18 June 2025) — 2 projects from 18 applications (Børns Vilkår; BrainCapture ApS); round 3 (announced 9 July 2026) — 3 projects (Lex – Danmarks Nationalleksikon; Kintella ApS with Region Hovedstaden; Fenja ApS).",yes,no,"REFUTED -> Operational-but-not-Article-57. A Danish AI regulatory sandbox is genuinely admitting and hosting participants (three rounds to date), but it is an administratively established GDPR/data-protection sandbox created in March 2024 under the government's digitalisation strategy — not a sandbox constituted under EU AI Act Article 57. For Article 57 purposes Denmark's status is ""not established"": no Danish legal instrument creates an Art. 57 sandbox, neither Lov nr. 467 af 14. maj 2025 nor the amending AI-loven (L 111, 2025/26, in force 2 August 2026) contains any sandbox provision, and there is no Art. 57(7) exit-report or Art. 57(9) legal-certainty mechanism.","Denmark is the strongest case in this set and the most useful for a healthcare-AI paper — health/medical AI is not merely eligible but repeatedly admitted: round 1 included Systematic's 'Talt' voice-to-text documentation project for health and elderly care with three municipalities; round 2 included BrainCapture ApS, a MedTech startup using AI to interpret EEG for diagnosing epilepsy and other neurological conditions; round 3 (announced 9 July 2026) included Kintella ApS with Region Hovedstaden, covering AI translation between health personnel and citizens plus decision support for early detection of patient deterioration. IMPORTANT NUANCE for the paper — do not conflate the operational sandbox with an Article 57 legal designation. The Danish sandbox predates the AI Act sandbox obligation (first round July 2024) and is an administrative programme run out of the government's digitalisation strategy; Digitaliseringsstyrelsen now hosts it under its AI Act supervision pages (digst.dk/tilsyn/ai-forordningen/), but neither authority's page cites Article 57 by number, and I found no national instrument designating it as the Art. 57 sandbox. Exit reports: final reports (slutrapporter) ARE required and published as a condition of the programme — reports from round 1 were published in October 2025 — but this is a programme rule, not a statutory Art. 57(7) obligation, which is why I code exit_report_required as 'no' at the instrument level. Legislative gap to flag: bill L 111 (2025-26), 'Forslag til lov om supplerende bestemmelser til forordningen om kunstig intelligens (AI-loven)', presented 18 February 2026 and given its first reading 17 March 2026, is recorded by Folketingstidende as 'Bortfaldet' (lapsed) — consistent with a 2026 Danish general election (a new Folketing membership list for 2026– exists). That bill also appeared to contain no sandbox provisions. So as of September 2026 Denmark has an operational sandbox with no bespoke statutory basis. Entry criteria are published on both authorities' sites: Danish-society relevance, a genuine AI system as defined in the AI Act, coverage by the AI Act and/or GDPR, applicant is a provider or potential provider, and maturity beyond concept stage; selection then weighs societal significance, innovation potential, benefit from participation, economic feasibility and learning value for others. Round-3 timing: applications closed 1 May 2026, intro meetings June 2026, sandbox activity September–December 2026.","https://www.datatilsynet.dk/regler-og-vejledning/kunstig-intelligens/regulatorisk-sandkasse
https://digst.dk/tilsyn/ai-forordningen/regulatorisk-sandkasse-for-ai/
https://www.datatilsynet.dk/presse-og-nyheder/nyhedsarkiv/2024/jul/to-ai-projekter-udvalgt-til-foerste-runde-af-den-regulatoriske-sandkasse
https://www.datatilsynet.dk/presse-og-nyheder/nyhedsarkiv/2025/jun/to-ai-projekter-udvalgt-til-anden-runde-af-den-regulatoriske-sandkasse
https://www.datatilsynet.dk/presse-og-nyheder/nyhedsarkiv/2026/jul/tre-nye-ai-projekter-udvalgt-til-den-regulatoriske-sandkasse
https://www.retsinformation.dk/eli/lta/2025/467
https://www.ft.dk/samling/20251/lovforslag/l111/index.htm
https://www.folketingstidende.dk/samling/20251/lovforslag/L111/index.htm"
Estonia,announced,announced,,low,,,,,n/a,n-a,,n-a,,n-a,,n-a,,2026-09-08,"none found — no AI-specific national instrument. The nearest vehicle is a draft amendment to the General Part of the Economic Activities Code Act and the State Fees Act (Majandustegevuse seadustiku üldosa seaduse ja riigilõivuseaduse muutmise seadus), explanatory memorandum dated 10 November 2025, which would create a general cross-sectoral regulatory sandbox framework — not an AI Act Article 57 sandbox. I found no confirmation it has been adopted.",Draft explanatory memorandum 10 November 2025; adoption not confirmed,"Not designated for a sandbox. Under the draft general sandbox framework, the Ministry of Economic Affairs and Communications (MKM) would do initial screening and the competent sectoral regulator (pädev majandushaldusasutus) would decide admission. For the AI Act more broadly, Estonia's official Kratid portal records three bodies designated under Article 77: the Data Protection Inspectorate (Andmekaitse Inspektsioon), the Gender Equality and Equal Treatment Commissioner, and the Consumer Protection and Technical Regulatory Authority (TTJA). TTJA is the de facto market-surveillance body.","n/a for an AI sandbox. The draft general framework is cross-sectoral, applying only where a sectoral law expressly refers to it.",not specified,unknown,no,unknown,n/a,"Estonia is the weakest evidence base of the four — code it low confidence and consider marking it a gap rather than a data point. What supports 'announced' rather than 'nothing_reported': a joint Finland–Estonia announcement (reported 20 May 2026) that the two governments agreed to jointly develop regulatory sandboxes, with both expected to report AI Act sandbox implementation progress by end-2026 — but the joint press release named no AI systems, policy areas, timelines or funding. What is absent: no AI-specific law, no designated sandbox operator, no application process, no participants. Estonia's official AI portal (kratid.ee) discusses the AI Regulation and Article 77 authority designations but says nothing about a sandbox. The draft MSÜS/State Fees amendment is a genuinely useful comparator for the paper but must not be mislabelled: its own explanatory memorandum acknowledges the Article 57 obligation and notes MKM as contact point, yet the bill builds a general innovation sandbox (criteria: innovative product/service with economic or social benefit, a demonstrated regulatory barrier, a risk-mitigation plan, alternative compliance routes, and a public-interest assessment) with a post-project reporting duty — participants file with MKM within 30 days of closure and MKM publishes a summary assessing whether regulatory change is needed. That reporting duty resembles but is not the Art. 57(7) exit report, and healthcare/medical AI is mentioned only in passing via Accelerate Estonia projects. Two further cautions: (1) I could not load TTJA's own AI-systems page (repeated 503/permission failures) — a follow-up check there is the single highest-value verification step for Estonia; (2) the trackers disagree — artificialintelligenceact.eu (last updated 17 June 2026) records Estonia as having no implementation law and authorities 'not yet appointed', which conflicts with kratid.ee's Article 77 designations, and regulatoryai.eu (reviewed 14 June 2026) says Estonia plans sandbox facilities through an 'AI competence centre' that 'does not yet operate' — but that page still prints the pre-Omnibus 2 August 2026 sandbox deadline and is therefore stale and unusable as a source of record.","https://www.kratid.ee/tehisintellektimaarus
https://cms.advokatuur.ee/app/uploads/2025/11/MSUS-ja-RLS-muutmise-SK-10.11.2025.pdf
https://www.fairedih.fi/en/2026/05/20/finland-and-estonia-bet-on-ai-sandboxes-as-europes-small-states-seek-influence-over-digital-rules/
https://artificialintelligenceact.eu/national-implementation-plans/"
Finland,implementing,implementing,,medium,,,,,n/a,n-a,,unknown,,unknown,,unknown,,2026-09-08,"No enacted national instrument establishing the sandbox as of 8 Sept 2026. The in-force base act is Laki eräiden tekoälyjärjestelmien valvonnasta (Act on the Supervision of Certain AI Systems) 1377/2025, enacted from HE 46/2025 vp (submitted 8 May 2025), supervisory powers in force 1 Jan 2026 — but it designates authorities and sanctions only and contains NO sandbox provisions. The sandbox provisions sit in a pending phase-II amendment bill, project TEM091:00/2024 (""tekoälyasetuksen II vaiheen täytäntöönpano""), consultation 25 Apr – 2 Jun 2025, government proposal to Parliament 29 Jan 2026, planned entry into force 1 March 2027. No corresponding 2026 amendment act was found in Finlex, so it appears still before the Eduskunta.","Act 1377/2025 (base act, supervisory powers in force 1 Jan 2026); phase-II sandbox bill to Parliament 29 Jan 2026, planned in force 1 March 2027 — not yet enacted","Liikenne- ja viestintävirasto (Traficom), the Finnish Transport and Communications Agency. Traficom is already the central market-surveillance contact point under 1377/2025 and is the body proposed to run the testiympäristö in the phase-II draft; it maintains a public page titled ""Tekoälyn sääntelyn testiympäristöt"".","Not specified. Neither the draft nor Traficom's page enumerates sectors. The Finnish Competition and Consumer Authority (KKV), in its 28 May 2025 consultation opinion, expressly flagged that it was unclear whether the sandbox would cover only Annex III high-risk systems or a broader set, and pressed for consumer-facing and generative AI to be included.",not specified,unknown,no,unknown,n/a,"Classified 'implementing' because an authority (Traficom) is designated and publicly holds the brief, and a government proposal is before Parliament — but be precise in the paper: Finland has NO enacted sandbox instrument. Planned entry into force is 1 March 2027, i.e. Finland is deliberately tracking the post-Omnibus 2 Aug 2027 deadline rather than the old 2026 one. I could not retrieve the phase-II HE number or confirm its parliamentary stage as of Sept 2026 — Finlex and Eduskunta document pages returned only navigation shells. Also note Fimea (medicines agency) is among the ~18 sectoral authorities designated under the phase-I act, but that is market surveillance, not sandbox operation. Gaps to close before citing: (1) the phase-II HE number and current committee stage; (2) whether the draft's sandbox section names sectors or an exit report.","https://www.finlex.fi/en/legislation/2025/1377
https://valtioneuvosto.fi/hanke?tunnus=TEM091%3A00%2F2024
https://www.kkv.fi/ajankohtaista/lausunnot/lausunto-luonnoksesta-hallituksen-esitykseksi-eraiden-tekoalyjarjestelmien-valvonnasta-annetun-lain-muuttamiseksi-tekoalyn-testiymparisto/
https://traficom.fi/fi/viestinta/datatalous-ja-digipalvelut/tekoalyn-saantelyn-testiymparistot
https://valtioneuvosto.fi/en/projects-and-legislation/project?tunnus=TEM050:00/2024"
France,nothing_reported,nothing_reported,,medium,,,,,n/a,n-a,,n-a,,n-a,,n-a,,2026-09-08,none found,n/a,"None designated for a sandbox. For AI Act market surveillance generally, France has announced a distributed, sectoral architecture (~15 bodies) with DGCCRF as coordinator and CNIL in a central role, alongside Arcom, ACPR, ANSSI and sector regulators — but this architecture is set out in a bill that is not yet law, and no body has been designated to operate an Article 57 sandbox.",n/a — no sandbox established,not specified,unknown,no,unknown,n/a,"France is the clear laggard of the four and is a useful negative case for the paper. The vehicle is the projet de loi DDADUE, texte n° 118 (2025-2026), deposited in the Sénat 10 Nov 2025 under accelerated procedure; Article 24 concerns Regulation (EU) 2024/1689. The Sénat adopted it 18 Feb 2026 (texte n° 63), transmitted to the Assemblée nationale 20 Feb 2026 (texte n° 2518); as of the dossier's 4 Sept 2026 update it remains in first reading at the Assemblée and is NOT promulgated. Critically, the bill's étude d'impact contains no mention of a bac à sable réglementaire or Articles 57-63 at all — the French instrument, as drafted, addresses authority designation only, not the sandbox mandate. CAUTION for citation: CNIL runs several things it calls a « bac à sable » (AI in public services, digital health, edtech) — these are GDPR/personal-data sandboxes predating and legally distinct from the AI Act Article 57 sandbox, and conflating them would be a factual error. Arcep separately runs a telecoms 'bac à sable réglementaire' that is also unrelated. Also flag that the DGE's own explainer page (last updated 28 July 2025) still states sandboxes must be in place by 2 August 2026 — stale, pre-Omnibus, do not cite for the deadline.","https://www.senat.fr/dossier-legislatif/pjl25-118.html
https://www.senat.fr/leg/etudes-impact/pjl25-118-ei/pjl25-118-ei.html
https://www.entreprises.gouv.fr/priorites-et-actions/transition-numerique/soutenir-le-developpement-de-lia-au-service-de-0
https://www.banquedesterritoires.fr/le-senat-valide-une-regulation-de-lia-en-mode-puzzle
https://www.economie.gouv.fr/dgccrf/actualites-dgccrf/ia-la-dgccrf-coordonnera-laction-des-autorites-de-surveillance-en-france"
Germany,implementing,implementing,,high,2026-06-11,2026-07-28,2026-07-29,,0,no,Sec. 13 KI-MIG requires BNetzA to establish a sandbox under Arts. 57-58; no derogation power identified in the provision as read from the Regierungsentwurf.,unknown,,no,Sec. 13 KI-MIG contains no Art. 57(7) provision; left to the directly applicable Regulation and a forthcoming BMDS Rechtsverordnung.,by_reference,"Sec. 13(1) KI-MIG requires a sandbox 'nach den Artikeln 57 und 58' - Art. 58 reached by cross-reference, not restated.",2026-09-08,"Gesetz zur Marktüberwachung und Innovationsförderung von künstlicher Intelligenz (KI-Marktüberwachungs- und Innovationsförderungsgesetz, KI-MIG), enacted as Article 1 of the Gesetz zur Durchführung der Verordnung (EU) 2024/1689. § 13 KI-MIG (""KI-Reallabore; Verordnungsermächtigung"") is the operative sandbox provision: § 13(1) — ""Die Bundesnetzagentur errichtet und betreibt mindestens ein KI-Reallabor nach den Artikeln 57 und 58 der Verordnung (EU) 2024/1689.""",Cabinet (Regierungsentwurf) 10/11 Feb 2026; Bundestag adoption 11 June 2026; published Bundesgesetzblatt 2026 I Nr. 233 on 28 July 2026; in force 29 July 2026,"Bundesnetzagentur (BNetzA). § 13(2) requires BNetzA to cooperate with other authorities where the establishment or operation of the Reallabor touches their competence, so sector-specific regulators participate rather than run parallel statutory sandboxes.","No sectoral enumeration in § 13 — it applies generally to AI systems within the scope of Reg. (EU) 2024/1689. § 13(3) grants priority access (""vorrangigen Zugang"") to research institutions and startups meeting specified criteria; § 13(4) empowers the BMDS to set the detailed rules on establishment and operation by Rechtsverordnung (no Bundesrat consent required).",not specified,"0 in the statutory sandbox — it is not yet operational. Separately, BNetzA ran a trilateral simulation 'Pilotprojekt KI-Reallabor' (May 2025 – March 2026) with the Hessian Ministry for Digitalisation and the BfDI; that was an exploratory simulation, not admission of real participants.",no,no,n/a,"Germany is the strongest 'law passed, sandbox not yet running' case of the four. BNetzA's own KI-Reallabore page states the obligation is to have at least one sandbox operational by 2 August 2027 — i.e. BNetzA has already publicly adopted the post-Omnibus deadline, which is a citable data point that German authorities are treating Reg. (EU) 2026/1744 as operative. Health-AI relevance for your paper, but state it carefully: § 13 does NOT name medical or health AI. What IS documented is that the completed pilot project produced a roadmap setting out high-risk AI Act requirements specifically for AI-based medical devices — so healthcare was the pilot's worked example without being a statutory scope category. On the exit report: § 13 contains no Art. 57(7) exit-report provision; the KI-MIG leaves it to the directly applicable EU regulation and to the forthcoming BMDS Rechtsverordnung. Entry criteria are not published because they are delegated to that Rechtsverordnung, which had not been issued as of the sources consulted. VERIFICATION CAVEAT: § 13's text was read from the Regierungsentwurf PDF (BMDS, 9/10 Feb 2026); gesetze-im-internet.de blocked automated retrieval, so I could not confirm that the section number and wording survived unchanged into the promulgated text. Verify § 13 against gesetze-im-internet.de/ki-mig or the BGBl before citing the section number. Also note a separate EU-funded pilot, EUSAiR, accepting up to 90 use cases Oct 2025 – June 2026 open to all sectors and sizes — that is an EU programme, not a German national Art. 57 sandbox, and should not be counted as one.","https://bmds.bund.de/service/gesetzgebungsverfahren/gesetz-zur-durchfuehrung-der-ki-verordnung
https://bmds.bund.de/fileadmin/BMDS/Dokumente/Gesetzesvorhaben/260209_RegE_KI-MIG_final_barr.pdf
https://www.gesetze-im-internet.de/ki-mig/BJNR0DF0B0026.html
https://www.bundesnetzagentur.de/DE/Fachthemen/Digitales/KI/5_Innovationen/start.html
https://www.bundesnetzagentur.de/1112336
http://www.bundesnetzagentur.de/DE/Fachthemen/Digitales/KI/5_Innovationen/_DL/Abschlussbericht_KI-Reallabor.html"
Greece,implementing,implementing,,medium,,2026-07-20,2026-07-20,,unknown,unknown,,unknown,,unknown,,unknown,,2026-09-08,"Νόμος 5321/2026, «Μέτρα εφαρμογής του Κανονισμού (ΕΕ) 2024/1689 του Ευρωπαϊκού Κοινοβουλίου και του Συμβουλίου της 13ης Ιουνίου 2024 (Κανονισμός για την τεχνητή νοημοσύνη) — Τροποποίηση του ν. 4961/2022». Article 12 («Ρυθμιστικό δοκιμαστήριο τεχνητής νοημοσύνης») establishes the sandbox.","ΦΕΚ Α΄ 114/20.07.2026 — published and in force 20 July 2026. Public consultation on the draft ran 21 June – 6 July 2026 (Ministry of Digital Governance, opengov.gr).","EETT (Εθνική Επιτροπή Τηλεπικοινωνιών και Ταχυδρομείων / Hellenic Telecommunications and Post Commission) establishes and operates the sandbox, jointly designated with the APDPX (Αρχή Προστασίας Δεδομένων Προσωπικού Χαρακτήρα / Hellenic Data Protection Authority), with relevant sectoral authorities participating. Separately, the APDPX is designated as central market surveillance authority and national single point of contact under the same law.","Not enumerated. Article 12 refers generically to Articles 57-59 of Reg. (EU) 2024/1689 without sectoral limitation. Article 12(3) requires EETT to issue a call (πρόσκληση) fixing application deadlines, content and format of applications, scoring criteria, a cap on participants, fees, and any other matter needed to implement Arts. 57-59 that is not covered by EU delegated acts. The law also states that sandbox participation is not a general exemption from the AI Act, the GDPR or other applicable law.",not specified,unknown — none published; no EETT call located,no,unknown,n/a,"Greece has the sandbox in enacted primary law, which is a stronger position than Finland or France, but it is not operational: the criteria and the admission mechanism are entirely delegated to an EETT πρόσκληση, and no such call was found on EETT's site or in any official announcement as of 8 Sept 2026. Article 12 sets no deadline for the sandbox to be running. WARNING on secondary sources: a 5 Sept 2026 Greek news piece (anagnostis.org) headlined that the sandbox 'arrives in Greece' — it misstates the law number as 5317/2026, gives the passage date as 16 July 2026, treats the superseded 2 August 2026 deadline as live, and describes EETT as merely the 'notifying authority'. Do not cite it; its claims conflict with the FEK-published text. The reliable pairing is the enacted-law text (ΦΕΚ Α΄ 114/20.07.2026) plus the Ministry of Digital Governance announcement. Gaps to close: (1) whether Art. 12 or a later provision of L. 5321/2026 restates the Art. 57(7) exit report — two independent reads of Art. 12 found no reference, but I only read Art. 12, not the full law; (2) whether an EETT call has since issued. I read Art. 12 in the consultation draft PDF and cross-checked against a legal commentary on the enacted law; the two agree on authority, delegation structure and absence of sectoral scope, so those three points are solid.","https://www.taxheaven.gr/law/5321/2026
https://www.mindigital.gr/archives/8792
https://archive.opengov.gr/digitalandbrief/wp-content/uploads/downloads/2026/06/%ce%a3%ce%a7%ce%9d-%ce%a5%ce%a8%ce%97%ce%94%ce%99-%ce%91%ce%99-Act.pdf
https://www.hellenicparliament.gr/UserFiles/c8827c35-4399-4fbb-8ea6-aebdc768f4f7/13353094.pdf
https://daily.nb.org/arthrografia/arthra/ai-act-kai-n-5321-2026-to-ethniko-plaisio-epopteias-epivolis-kai-logodosias/"
Hungary,implementing,implementing,,medium,2025-10-31,2025-10-31,2026-08-02,,unknown,unknown,,unknown,,no,Sec. 10 delegates operative rules to a ministerial decree that could not be found as adopted; no Art. 57(7) provision in the Act.,unknown,,2026-09-08,"2025. évi LXXV. törvény az Európai Unió mesterséges intelligenciáról szóló rendeletének magyarországi végrehajtásáról (Act LXXV of 2025 on the domestic implementation of the EU AI Regulation), promulgated 31 October 2025 — §10 is the sandbox provision. Accompanied by 344/2025. (X. 31.) Korm. rendelet (Government Decree 344/2025 of 31 October 2025), which designates the authorities. The ministerial decree containing the detailed sandbox rules, mandated by §10(2) and §11(3), could not be found as adopted.","Act LXXV of 2025 promulgated 31 October 2025; general entry into force 1 December 2025 (31st day after promulgation, §12(1)); §10 (sandbox) entered into force 2 August 2026 (§12(2)). Government Decree 344/2025 dated 31 October 2025.","MI piacfelügyeleti hatóság (AI market surveillance authority) = a vállalkozásfejlesztésért felelős miniszter — the Minister responsible for business development, designated by §1(1) of Government Decree 344/2025. (The MI bejelentő hatóság / notifying authority is the Nemzeti Akkreditáló Hatóság, National Accreditation Authority, but it is the market surveillance authority that §10(1) charges with establishing and operating the sandbox.)",Not specified. §10 of Act LXXV/2025 contains no sectoral scoping; §10(2) defers all detail — including the participation of other authorities — to a ministerial decree not yet located as adopted. §10(3) provides only that state-held high-performance computing capacity may be ring-fenced for the minister to run the sandbox.,not specified,unknown,no,no,n/a,"CAUTION ON THE STATUS CALL. The legal framework is confirmed from the Hungarian national law gazette (Nemzeti Jogszabálytár), which is primary. §10(1) reads verbatim: 'Az MI piacfelügyeleti hatóság az (EU) 2024/1689 európai parlamenti és tanácsi rendelet 3. cikk 55. pontjában meghatározott, az 57. cikk szerinti MI szabályozói tesztkörnyezetet alakít ki és működtet.' §10(2): 'Az MI szabályozói tesztkörnyezet működésének részletes szabályait ... a miniszter rendeletben állapítja meg.' So the duty to build and run a sandbox is in force (since 2 August 2026), but the operative rules are delegated to a ministerial decree I could NOT find evidence of. The 'implementing, not operational' classification therefore rests partly on absence of evidence — I found no call for applications, no published criteria, no admitted participants, and no launch announcement. For a FaccT submission I would either mark this as a verified gap or have a Hungarian-reading colleague check Magyar Közlöny 2026 issues directly for a 'miniszteri rendelet' on the MI szabályozói tesztkörnyezet; my searches of Magyar Közlöny returned nothing. Two secondary trackers I checked are badly stale (Bird & Bird's Hungary tracker last updated 30 June 2025) and should not be cited. Separately: net.jogtar.hu and njt.hu were blocked by the egress proxy, so I relied on njt.jog.gov.hu, which is the same official Nemzeti Jogszabálytár service. On the Omnibus: kormany.hu confirmed on 29 July 2026 that member states now have until August 2027 for sandboxes ('a tagállamoknak a szabályozói tesztkörnyezetek (AI sandboxok) kialakítására is több idő jut, egészen 2027 augusztusáig'), but Hungary has NOT correspondingly amended §12(2) of its own Act — the national §10 commencement date of 2 August 2026 still stands, which is a genuinely interesting divergence for the paper: Hungary is late against its own national deadline, not merely against the (now-extended) EU one.","https://njt.jog.gov.hu/jogszabaly/2025-75-00-00
https://njt.jog.gov.hu/jogszabaly/2025-344-20-22
https://kormany.hu/hirek/elfogadtak-az-europai-unio-mestersegesintelligencia-szabalyozasanak-ai-act-elso-jelentos-modositasat-a-digital-omnibus-ai-csomagot
https://smartlegal.hu/publication/the-act-implementing-the-institutional-framework-of-the-ai-act-in-hungary-has-been-published"
Ireland,implementing,implementing,,high,2026-07-21,,,,0,unknown,,unknown,,unknown,,unknown,,2026-09-08,"Regulation of Artificial Intelligence Act 2026 (No. 31 of 2026). Sandbox provisions are in Part 3, Chapter 3, sections 46–47. Section 46 provides that 'The Office shall establish one or more AI regulatory sandboxes', with detailed rules to be set by Ministerial regulations. Predecessor instrument: General Scheme of the Regulation of Artificial Intelligence Bill 2026, published 4 February 2026 (sandbox at Head 35).",General Scheme published 4 February 2026; Bill published 17 June 2026; passed all stages in Dáil Éireann 30 June 2026 and Seanad Éireann thereafter; signed into law by President Connolly on 21 July 2026.,"Oifig IS na hÉireann / the AI Office of Ireland, established under the Act. Paul Byrne appointed as first CEO (announced 30 July 2026); board members approved 5 August 2026. Note the AI Office is the single point of contact and central coordinating authority — the market surveillance function was deliberately removed from it between the General Scheme and the published Bill, but responsibility for establishing and operating the sandbox remained with the Office.","Not specified in the Act. Sections 46–47 impose no sectoral limits; the Act provides for priority access for SMEs and start-ups with a registered office or branch in the EU, and defers 'conditions and criteria for the assessment and selection of applicants' to Ministerial regulations that have not yet been made.",not specified,0,no,unknown,n/a,"Status is well established and the 'not operational' finding is positively confirmed rather than inferred: the AI Office of Ireland's own sandbox page states 'Details on eligibility and the application process will be made available when the Sandbox has been developed.' That is a first-party statement from the designated authority that the sandbox does not yet exist, which is the strongest possible evidence for a nothing-yet finding — cite that page. TWO CAVEATS. (1) I could not read the enacted text of Act No. 31 of 2026 directly: irishstatutebook.ie returned 403 through the agent proxy on both curl and WebFetch, and oireachtas.ie likewise. My account of sections 46–47 therefore comes from the Oireachtas Library & Research Service Bill Digest (8 July 2026), which is an official parliamentary publication but describes the Bill as published on 17 June 2026, NOT the Act as enacted on 21 July 2026 — amendments at Seanad committee stage could have changed the section numbering or content. Before citing section numbers in the paper, verify against irishstatutebook.ie/eli/2026/act/31/enacted/en/html from an unblocked connection. (2) Exit report is marked 'unknown' rather than 'no' for the same reason: the Bill Digest records no Article 57(7) exit-report provision in sections 46–47, but the Act delegates sandbox detail to Ministerial regulations, so the obligation may be intended to sit there. Also note the Bill Digest itself states the establishment deadline as 2 August 2026 per Article 57 — it is dated 8 July 2026, the same day the Digital Omnibus was adopted, so it is stale on that point and should not be cited for the deadline.","https://www.gov.ie/en/department-of-enterprise-tourism-and-employment/press-releases/publication-of-the-regulation-of-artificial-intelligence-bill-2026/
https://enterprise.gov.ie/en/news-and-events/department-news/2026/july/20260730.html
https://aioffice.gov.ie/for-business/irelands-ai-regulatory-sandbox-programme/
https://data.oireachtas.ie/ie/oireachtas/libraryResearch/2026/2026-07-08_bill-digest-regulation-of-artificial-intelligence-bill-2026_en.pdf
https://enterprise.gov.ie/en/legislation/general-scheme-of-the-regulation-of-artificial-intelligence-bill-2026.html"
Italy,implementing,implementing,,medium,,,,,n/a,n-a,,unknown,,unknown,"Art. 31 of the draft decree requires annual reports and a final report from national authorities to the AI Office - that maps to Art. 57(6), not Art. 57(7).",unknown,,2026-09-08,"Two-layer. Framework/enabling law: Legge 23 settembre 2025, n. 132 (published Gazzetta Ufficiale Serie Generale n. 223, in force 10 October 2025), which delegates implementation to legislative decrees. The sandbox itself is created by a schema di decreto legislativo on the powers of national authorities, market surveillance, sanctions, experimentation spaces, training and labour — transmitted to Parliament as Atto del Governo n. 421 (a companion decree on policing and liability is AG n. 418). Sandbox provisions are at Articles 26–31 of that schema; Article 26 establishes the 'spazio di sperimentazione normativa per l'IA'.","Law 132/2025 dated 23 September 2025, in force 10 October 2025. The implementing legislative decree: preliminary Council of Ministers approval 10 June 2026; parliamentary committee opinions July 2026 (Garante privacy opinion 14 July 2026; Senate 4th Committee 29 July 2026); definitive Council of Ministers approval 4–5 August 2026. Publication in the Gazzetta Ufficiale — and therefore the decree's number and entry into force — NOT confirmed as of 8 September 2026.","AgID (Agenzia per l'Italia Digitale) and ACN (Agenzia per la Cybersicurezza Nazionale) jointly, each within its own competence — AgID as notifying authority, ACN as market surveillance authority. Under Law 132/2025 these two are the national AI authorities.","The schema provides for a general AI sandbox (Art. 26) plus dedicated tracks: dual-use/defence AI and AI in the justice sector, a regional/local strand, and coordination with the existing FinTech sandbox. SMEs and start-ups receive priority access (Art. 26(1)). Eligibility criteria are to be identified and assessed under Art. 26(3) but are not themselves published.",not specified,0,no,unknown,n/a,"THE WEAKEST RECORD OF THE FOUR — do not treat the article numbers as citable without one more check. Key gap: I could not confirm that the legislative decree has been published in the Gazzetta Ufficiale. The most recent source addressing this (Federprivacy, post-4 August 2026) states explicitly 'Alla data di redazione non risulta ancora avvenuta la pubblicazione dei decreti nella Gazzetta Ufficiale.' So as of my research the sandbox's legal instrument has been definitively approved by the Council of Ministers but may not yet be law. Before the paper cites it, look up the decree number and GU issue on normattiva.it or gazzettaufficiale.it — I could not reach either through the proxy. Until then the instrument should be cited as 'schema di decreto legislativo, AG 421' and not as a numbered d.lgs. Second caution: my reading of Articles 26–31 came from a draft PDF hosted on a third-party CMS (storagehub.homnya.net), which is a reproduced draft, NOT a primary source — the article numbers and the Art. 31 reporting text must be re-verified against the official AG 421 text on the Camera/Senato atti del governo portal, and could have shifted between the June draft and the August final version. Third: the health question is genuinely contested in my sources. The draft text I read does not name sanità in the sandbox articles, while Agenda Digitale's 27 July 2026 analysis of AG 421 lists healthcare among the sectors the sandbox touches. I have coded 'not specified' because the conservative reading of the instrument text supports it, but flag this as unresolved. Fourth: on the exit report, Art. 31 of the draft requires annual reports and a 'relazione definitiva' from the national competent authorities to the AI Office — that maps onto AI Act Art. 57(6) (reporting to the AI Office and Commission), NOT Art. 57(7) (the exit report given to the participant on request). I found no Art. 57(7) transposition, but given the draft-text problem I have coded this 'unknown' rather than 'no'. Note also the Garante privacy's 14 July 2026 opinion made DPA involvement in sandbox projects processing personal data a condition of its approval — a useful data point for a healthcare-AI governance paper, since health sandbox projects would necessarily trigger it.","https://www.giurisprudenzapenale.com/wp-content/uploads/2025/09/legge-132-2025.pdf
https://www.federprivacy.org/informazione/primo-piano/due-autorita-tre-regolamenti-il-perimetro-della-vigilanza-sull-intelligenza-artificiale-dopo-i-decreti-di-adeguamento
https://www.advant-nctm.com/news-e-approfondimenti/ai-il-cdm-approva-in-via-preliminare-i-decreti-attuativi-della-legge-n-132-2025
https://www.garanteprivacy.it/web/guest/home/docweb/-/docweb-display/docweb/10275626
https://parlamento.it/show-doc?id=1517911&leg=19&part=doc_dc&tipodoc=SommComm
https://www.ai4business.it/intelligenza-artificiale/il-cdm-approva-in-via-definitiva-i-decreti-italiani-di-attuazione-dellai-act/"
Latvia,operational,operational,Holds. Genuine Art. 57-era statutory sandbox; AI Centre issues administrative acts permitting derogation from national rules.,high,2025-03-06,2025-03-19,2025-03-20,2026-08-17,2,yes,Art. 8 AI Centre Law: the Centre issues administrative acts permitting derogation from otherwise applicable national rules. Verified against likumi.lv.,unknown,,yes,"Point 27 of Cabinet Reg. No. 12 requires the sectorally competent authority, on the implementer's request, to issue an opinion on development and testing results - tracks Art. 57(7) including the on-request structure. Point 28 additionally requires the Centre to publish conclusions and recommendations, which Art. 57(7) does not.",unknown,,2026-09-08,"Two instruments. Primary: Mākslīgā intelekta centra likums (Law on the Artificial Intelligence Centre) — Articles 8 and 9 create the 'speciālā regulatīvā vide' (special regulatory environment) and the associated data-processing regime. Implementing: Ministru kabineta 2026. gada 13. janvāra noteikumi Nr. 12 'Kārtība, kādā Mākslīgā intelekta centrs organizē speciālo regulatīvo vidi un datu apstrādi' (Cabinet of Ministers Regulation No. 12 of 13 January 2026 on the procedure by which the AI Centre organises the special regulatory environment and data processing), issued under Articles 8(5) and 9(8) of that Law.","Mākslīgā intelekta centra likums adopted by the Saeima 6 March 2025; published Latvijas Vēstnesis No. 55, 19 March 2025; in force 20 March 2025. Cabinet Regulation No. 12 adopted 13 January 2026, in force 16 January 2026.","Nodibinājums 'Mākslīgā intelekta centrs' (the Artificial Intelligence Centre, MIC), operating under the Ministry of Smart Administration and Regional Development (VARAM), in cooperation with the sectorally competent supervisory authorities, which issue the assessments. Director: Guna Puce. Under Article 8 the Centre issues administrative acts permitting derogation from otherwise applicable national rules.","Broad and cross-sectoral. Article 4 of the AI Centre Law lists application areas as 'valsts pārvaldē, tautsaimniecībā, iekšējās drošības, aizsardzības, izglītības, kultūras, labklājības, sporta, veselības un citās jomās' — public administration, the economy, internal security, defence, education, culture, welfare, sport, HEALTH and other fields. The first call flagged health, education and security as expected areas.",yes,"3 selected in the first call (out of 10 applications), announced May 2026: MyWisy (adaptive learning platform for pre-schoolers), ANIMAS-DA / 'Diabetes Assistant' (paediatric type 1 diabetes insulin-dosing decision support), and the Process-as-Code platform (public-administration decision automation). Of these, the AI Centre adopted its first administrative acts on 17 August 2026 for TWO high-risk systems — MyWisy and ANIMAS-DA — which are the two now formally operating inside the sandbox.",yes,yes,"HOLDS — WHAT I COULD VERIFY

1) The primary instrument exists. ""Mākslīgā intelekta centra likums"" is published on the official consolidated-law portal (https://likumi.lv/ta/id/359339-maksliga-intelekta-centra-likums) and in the official gazette Latvijas Vēstnesis 2025 No. 55 (https://www.vestnesis.lv/op/2025/55.1), matching the claimed 19 March 2025 publication. LV portāls (state-run legal information por","STRONGEST RECORD OF THE FOUR, and by far the most useful for a healthcare-AI governance paper — Latvia is not merely operational but has a high-risk PAEDIATRIC MEDICAL AI system (ANIMAS-DA: continuous glucose monitoring data, insulin dosing recommendations for children with type 1 diabetes) formally admitted by administrative act. Both instruments verified against primary sources (vestnesis.lv for the Law, likumi.lv for Cabinet Regulation No. 12). One number to state carefully: 3 vs 2. LV portāls (12 May 2026) reports three projects selected from ten applications at the close of the first call; LSM English (6 Aug 2026) and Kursors (17 Aug 2026) report two systems actually launched/admitted by administrative act, both high-risk. The cleanest formulation for the paper is 'three projects selected in the first call, of which two — both high-risk — were formally admitted by administrative act as of 17 August 2026.' I could not determine what happened to Process-as-Code; most likely it is not high-risk and so needed no Article 8 administrative act, but I did not confirm that, so do not assert it. Entry criteria: published in point 9 of Cabinet Regulation No. 12 — newly created or substantially modified system, innovativeness, establishment in Latvia/EU/EEA/Switzerland, contribution to stated policy goals or correction of a market failure, system maturity, and risk level (high-risk systems prioritised). Exit report: point 27 of Reg. No. 12 requires the sectorally competent authority, ON THE PROJECT IMPLEMENTER'S REQUEST, to prepare an 'atzinums par mākslīgā intelekta sistēmas izstrādes, pārbaudes un attīstības rezultātiem' — an opinion on the development, testing and development results. That tracks AI Act Art. 57(7) closely, including the on-request structure. Point 28 goes further than Art. 57(7) requires: after activity in the sandbox concludes the Centre must prepare and PUBLISH on its website conclusions on the system's development and testing plus recommendations — a transparency obligation with no direct AI Act analogue, which is a genuinely publishable finding. Quote both points verbatim from likumi.lv rather than relying on my paraphrase.","https://www.vestnesis.lv/op/2025/55.1
https://likumi.lv/ta/id/365787-kartiba-kada-maksliga-intelekta-centrs-organize-specialo-regulativo-vidi-un-datu-apstradi
https://lvportals.lv/dienaskartiba/389636-maksliga-intelekta-centrs-nosledz-pirmo-projektu-atlasi-specialajai-regulativajai-videi-2026
https://lvportals.lv/dienaskartiba/386684-maksliga-intelekta-centrs-izsludina-projektu-uzsaukumu-dalibai-specialaja-regulativaja-vide-mi-sistemu-attistibai-2026
https://eng.lsm.lv/article/society/education/06.08.2026-ai-projects-launched-in-latvia-involving-pre-schoolers-and-diabetics.a657805/
https://kursors.lv/2026/08/17/maksliga-intelekta-centrs-pienem-pirmos-administrativos-aktus-par-augsta-riska-mi-sistemam-specialaja-regulativaja-vide/
https://www.vdaa.gov.lv/lv/informacija-par-specialo-regulativo-vidi-jeb-smilskasti
https://ailatvia.lv/en/mic_en/"
Lithuania,implementing,implementing,,medium,2025-01-14,2025-01-22,2025-04-01,,unknown,unknown,,yes,"EUR 3m from the ERDF, project period 30 Oct 2025 - 2 Nov 2028 (RRT).",partial,"Ministry page describes written evidence of activities and a completion report usable in conformity assessment, but this is a programme description and was not shown to be a requirement of the national instrument.",unknown,,2026-09-08,"Law amending Articles 1, 2, 11, 13, 14, 17, 21 of the Law on Technology and Innovation No. XIII-1414 and supplementing the Law with an Annex (Lietuvos Respublikos technologijų ir inovacijų įstatymo Nr. XIII-1414 1, 2, 11, 13, 14, 17, 21 straipsnių pakeitimo ir Įstatymo papildymo priedu įstatymas), No. XV-105, adopted by the Seimas 14 January 2025, published TAR 22 January 2025, No. 2025-00715. Submitted to the Seimas by Government Resolution No. 860 of 16 October 2024. A parallel amendment to the Law on Information Society Services designates the Communications Regulatory Authority (RRT) as market surveillance authority.",Adopted 14 January 2025; published in the Register of Legal Acts (TAR) 22 January 2025; most substantive provisions in force from 1 April 2025,"Innovation Agency (VšĮ Inovacijų agentūra), under the Ministry of the Economy and Innovation, establishes and operates the sandbox. RRT (Ryšių reguliavimo tarnyba) is the AI Act market surveillance authority and single point of contact (from 1 April 2025) and is a project partner supervising AI use inside the testing environment. The Innovation Agency is also the notifying authority (from 2 August 2025).","No sector limitation stated. Targeted at Lithuanian micro, small and medium enterprises, with published priority for companies developing or deploying high-risk AI systems. No sectoral enumeration in the ministry or RRT material.",not specified,unknown,unknown,unknown,n/a,"CODED IMPLEMENTING, NOT OPERATIONAL — but this is the closest call of the four and worth a second pass before it goes in the paper. The Ministry of the Economy and Innovation's sandbox page states verbatim that the Innovation Agency 'veiklas pradėjo vykdyti 2025 m. spalio mėnesį' (began carrying out activities in October 2025) and that 'pirmaisiais metais į programą pakviečiant dalyvauti 10 įmonių' (10 companies invited to participate in the first year), rising by 20 annually. It does NOT state that a cohort has been admitted, and no participant list or count is published anywhere I could find. Two separate reads of the same page produced conflicting summaries on this point, so I am treating admission as unconfirmed. RRT gives the project period as 30 October 2025 – 2 November 2028, EUR 3m from the ERDF.

IMPORTANT DEADLINE NOTE — this source is post-Omnibus and current: the ministry page states 'DI smėliadėžė turi būti sukurta ir pradėti veikti ne vėliau kaip 2027 m. rugpjūčio 2 d.' (the sandbox must be created and begin operating no later than 2 August 2027), correctly reflecting Regulation (EU) 2026/1744. Separately, Lithuanian law tasked the Agency to create a 'limited pilot AI regulation environment' (apribota bandomoji DI reglamentavimo aplinka) by 1 January 2026 — a national milestone distinct from the AI Act deadline. What began in October 2025 appears to be that national pilot precursor rather than the Art. 57 sandbox proper.

EXIT REPORT — do not code this as a yes without reading the statute. The ministry page says the Agency will give companies finishing the programme 'įvykdytų veiklų rašytinį įrodymą ir baigimo ataskaitą' (written evidence of activities carried out and a completion report) usable in conformity assessment. That is functionally the Art. 57(7) exit report, but it is described in a programme description, not shown to be a requirement of the national instrument. I could not confirm the sandbox provisions sit in Law No. XV-105 itself: an attempt to read the amending law and the consolidated Technology and Innovation Law via Infolex returned only the opening articles (paywalled), and the visible portion showed no sandbox provision. The instrument name and number above are confirmed; the location of the sandbox provision within it is NOT. Flag for a direct e-tar.lt/e-seimas read.

ENTRY CRITERIA — a published priority rule exists (high-risk AI developers/deployers, MSMEs) but no criteria set or application procedure was published on the ministry, RRT or Innovation Agency pages. Coded unknown rather than no.","https://eimin.lrv.lt/lt/veiklos-sritys/skaitmenine-politika/dirbtinis-intelektas/di-akto-igyvendinimas/di-smeliadeze/
https://eimin.lrv.lt/lt/veiklos-sritys/skaitmenine-politika/dirbtinis-intelektas/di-akto-igyvendinimas/nacionalines-kompetentingos-institucijos/
https://rrt.lt/veiklos-sritys/skaitmenine-erdve/di-informacija/di-smeliadeze
https://eimin.lrv.lt/lt/ziniasklaidai/naujienos/inovaciju-agentura-lietuvoje-atidarys-viena-pirmuju-europoje-isskirtinai-di-skirtu-reguliaciniu-smeliadeziu-rK92/
https://eimin.lrv.lt/lt/ziniasklaidai/naujienos/eimin-skiria-finansavima-di-reguliacinei-smeliadezei-mwTY/
https://www.infolex.lt/ta/1001858
https://www.esinvesticijos.lt/sutartys/dirbtinio-intelekto-reguliacines-smeliadezes-sukurimas-ir-iveiklinimas
https://ai-act-service-desk.ec.europa.eu/en/national-resources"
Luxembourg,implementing,implementing,,medium,,,,,n/a,no,Draft Art. 12 cross-refers to Chapter VI without conferring derogation power. Bill not adopted.,unknown,,no,"Documented negative: draft Art. 12 contains no exit-report provision and cross-refers to Chapter VI. Statement about the draft, not about law in force.",by_reference,Draft Art. 12 cross-refers to Chapter VI of the Regulation as a whole.,2026-09-08,"No national instrument in force. Projet de loi n° 8476 'portant mise en oeuvre de certaines dispositions du règlement (UE) 2024/1689' — approved by the Conseil de gouvernement 29 November 2024, deposited in the Chambre des Députés 23 December 2024, referred to the Commission des Médias et des Communications 16 January 2025, rapporteur Félix Eischen appointed 3 June 2025, Conseil d'État opinion received 10 July 2026. Status as of September 2026: still 'en commission', no plenary vote, NOT adopted. Article 12 of the bill carries the sandbox obligation.",Bill deposited 23 December 2024; Conseil d'État opinion 10 July 2026; not adopted as of 8 September 2026,"Commission nationale pour la protection des données (CNPD) — designated in the bill as single point of contact, national coordinator of competent authorities, default/horizontal market surveillance authority for Annex III systems, and the body required to establish at least one AI regulatory sandbox. Other market surveillance authorities designated by domain: CSSF (financial), Commissariat aux Assurances (insurance), ILNAS (Annex I pts 1-10), ILR (critical infrastructure), ALMPS (Luxembourg medicines agency — Annex I pts 11-12, health products), ALIA (transparency/AI-generated content), plus a judicial control authority for AI used by courts.","Article 12 names no sectors; it cross-refers to Chapter VI of Regulation (EU) 2024/1689. Market surveillance is split by sector across eight authorities, but the sandbox obligation itself sits with the CNPD alone and is not sector-scoped in the bill text.",not specified,unknown,no,no,n/a,"DO NOT CONFLATE THE TWO LUXEMBOURG SANDBOXES — this is the trap in this record and it is exactly the kind of thing that would be a citable error. The CNPD has run an operational regulatory sandbox called 'Sandkëscht' since May 2024 (applications opened 14 June 2024), which tests new technologies and new uses of data 'notamment en intelligence artificielle' with GDPR compliance as its stated objective. The CNPD's own Sandkëscht page contains no mention of the AI Act, Article 57, or any 2026/2027 deadline. It is a data-protection sandbox that happens to take AI cases, NOT the Article 57 sandbox. A 20 January 2026 government/CNPD conference communiqué refers loosely to 'the CNPD's AI regulatory sandbox' as an existing innovation-support tool, which is where trackers coding Luxembourg as operational are almost certainly going wrong. Luxembourg has no Art. 57 sandbox running.

STALE DATE INSIDE THE BILL ITSELF: Article 12 reads 'La Commission nationale pour la protection des données met en place au moins un bac à sable réglementaire de l'IA selon les modalités visées au chapitre VI du règlement (UE) 2024/1689 au plus tard le 2 août 2026.' The bill was deposited December 2024, so this 2 August 2026 date predates Regulation (EU) 2026/1744 and is superseded by the 2 August 2027 deadline. Whether the deadline is corrected before adoption is unresolved and worth checking against the Conseil d'État opinion of 10 July 2026 — I did not read that opinion in full.

EXIT REPORT coded 'no' on a documented negative: Article 12 contains no exit-report provision and cross-refers to Chapter VI rather than restating Art. 57(7). Since the bill is not law, this is a statement about the draft, not about a national instrument in force.

The EC AI Act Service Desk national resources page lists NO designated authorities or implementing law for Luxembourg, consistent with the bill not having passed. The health angle: ALMPS is designated as market surveillance authority for Annex I points 11-12 (medical devices/IVDs), but that is enforcement, not sandbox scope — do not read it as health AI being in sandbox scope.","https://www.chd.lu/fr/dossier/8476
https://wdocs-pub.chd.lu/docs/Dossiers_parlementaires/8476/20250515_Dep%C3%B4t.pdf
https://wdocs-pub.chd.lu/docs/compilation/docpa/pdf/8476_Dossier_Complet.pdf
https://cnpd.public.lu/fr/actualites/national/2024/11/cnpd-ai-act.html
https://cnpd.public.lu/fr/actualites/national/2024/05/lancement-sandkescht.html
https://cnpd.public.lu/fr/professionnels/outils-conformite/sandbox.html
https://cnpd.gouvernement.lu/en/actualites.gouvernement2024+en+actualites+toutes_actualites+communiques+2026+01-janvier+20-margue-ai-act.html
https://ai-act-service-desk.ec.europa.eu/en/national-resources"
Malta,implementing,implementing,,medium,,2025-10-10,,,unknown,unknown,,unknown,,unknown,,unknown,,2026-09-08,"Artificial Intelligence Regulations, 2025 — Legal Notice 226 of 2025, subsidiary legislation S.L. 591.05, made under the Malta Digital Innovation Authority Act (Cap. 591). Published in the Government Gazette of Malta No. 21,519 on 10 October 2025. The sandbox provision is Regulation 9 of S.L. 591.05. Companion instrument: Legal Notice 227 of 2025, Artificial Intelligence (Designation of the Information and Data Protection Commissioner for the purposes of Regulation (EU) 2024/1689) Regulations, 2025, made under the Data Protection Act.","10 October 2025 (Government Gazette No. 21,519). MDIA enforcement powers stated to take effect 2 August 2026.","Malta Digital Innovation Authority (MDIA) — lead market surveillance authority, single point of contact for national AI governance, and the sole authority responsible for establishing and running the national AI regulatory sandbox (Reg. 9, S.L. 591.05). The Information and Data Protection Commissioner (IDPC) is designated under LN 227/2025 for data-protection/fundamental-rights functions. MDIA coordinates with the MFSA and other sectoral market surveillance bodies. MDIA states it works with DiHubMT to support SMEs and public sector bodies in sandbox participation.","No sector limitation. MDIA's framework material covers the eight Annex III high-risk areas generically (biometrics, law enforcement, education, employment, etc.). Reg. 9 requires MDIA to give priority access to SMEs and start-ups with a registered office or branch in the EU — a participant-type priority, not a sectoral one.",not specified,unknown,unknown,unknown,n/a,"MAJOR SOURCING CAVEAT — I could not read the text of LN 226/2025. legislation.mt returns only a metadata page to fetch tools and blocks direct download at the network layer (403 at the egress proxy on legislation.mt and justiceservices.gov.mt). Everything below the instrument's title, LN number, S.L. number, parent Act and Gazette date rests on MDIA's own site plus law-firm commentary (Chambers/GTG/BDO/LexMT), not the statute. Before this goes in the paper someone must open the LN 226 PDF directly and read Regulation 9. Specifically unresolved: whether Reg. 9 sets admission criteria, whether it names sectors, and whether it requires the Art. 57(7) exit report. I have coded all three unknown rather than guess.

What IS well-supported: MDIA's own services page states it is the sole authority responsible for establishing the national AI regulatory sandbox and that LN 226 of 2025 formally established these designations. LexMT independently identifies the provision as S.L. 591.05 Reg. 9 and reports the SME/start-up priority-access duty. Two independent sources agreeing on the S.L. citation is reasonable but not primary.

NOT OPERATIONAL: no launch announcement, no call for applications, no participant count, and no sandbox guidelines found on mdia.gov.mt as of September 2026. MDIA's homepage references its participation in the European Blockchain Regulatory Sandbox — that is DLT, not AI, and should not be miscoded. Malta is a designation-complete, not-yet-running case.

Date hygiene: MDIA's own timeline page gives 2 December 2027 for high-risk AI system requirements, which is consistent with the post-Omnibus schedule and suggests MDIA material is current rather than stale.","https://mdia.gov.mt/services/artificial-intelligence/
https://legislation.mt/eli/ln/2025/226/eng
https://chambers.com/articles/malta-s-ai-act-framework-the-new-roles-of-the-mdia-and-idpc
https://www.bdo.com.mt/en-gb/news/news-in-2025/the-implementation-of-the-eu-ai-act-into-maltese-legislation
https://gtg.com.mt/malta-takes-the-next-step-in-ai-regulation/
https://lex.mt/articles/malta-ai-regulation-guide
https://mdia.gov.mt/"
Netherlands,implementing,implementing,,high,,,,,n/a,n-a,,unknown,,unknown,,unknown,,2026-09-08,"No national instrument in force. Concept-Uitvoeringswet AI-verordening (UAIA) — draft implementing bill. Public internet consultation ran to 1 June 2026 (announced c. 20 April 2026); the Raad van State's Afdeling bestuursrechtspraak submitted its consultation response on 8 July 2026. As of September 2026 the bill has not been submitted to or passed by either chamber. The sandbox provision is Article 4.1 of the draft bill. A separate, earlier non-binding document exists: 'Vormvoorstel Nederlandse regulatory sandbox onder de AI-verordening', published 25 March 2025 by the Ministry of Economic Affairs with AP and RDI — a design proposal, NOT a legal instrument.",Design proposal 25 March 2025; consultation closed 1 June 2026; Raad van State consultation response 8 July 2026; no instrument adopted as of 8 September 2026,"Not yet formally designated by law. Ten market surveillance authorities were announced by cabinet letter to the Tweede Kamer (State Secretary Willemijn Aerdts), with the Autoriteit Persoonsgegevens (AP) and the Rijksinspectie Digitale Infrastructuur (RDI) in coordinating roles. Under draft Article 4.1 the market surveillance authorities jointly establish the sandbox; the 2025 design proposal envisages a single multi-sectoral sandbox run by a coordinating 'Kernteam' with an expert pool of sectoral supervisors and 'intensive trajectories' for in-depth cases.","All sectors covered by the AI Regulation, including general-purpose AI systems — the design proposal is explicit that the Netherlands intends ONE multi-sectoral sandbox rather than sectoral ones, with sector expertise supplied by the expert pool. No sector is singled out.",not specified,unknown,no,unknown,n/a,"Confidence is high for the STATUS determination (no instrument in force, nothing running) because it rests on the Raad van State's own consultation page dated 8 July 2026 describing a conceptwetsvoorstel — a primary source and a documented negative. Confidence on the finer coding fields is lower; treat health_ai, exit_report and participants as genuinely open.

STALE-DATE WARNING ON THE 2025 DESIGN PROPOSAL: the Vormvoorstel of 25 March 2025 targets the sandbox being operational by August 2026 and states it was drawn up while the Commission's sandbox implementing acts were still unknown. Both premises are now obsolete — the deadline moved to 2 August 2027 under Regulation (EU) 2026/1744. Do not cite the Vormvoorstel for the deadline. Note the AP's hosted PDF of it returned 403 to my fetch; I read it via the RDI mirror of the same document.

NOTEWORTHY FOR THE PAPER, possibly for the governance argument rather than the coding table: the Raad van State's Chair of the Afdeling bestuursrechtspraak objected to the draft's requirement that the Division participate in the sandbox, on the ground that guiding sandbox participants on how to comply 'is not compatible with the independent judicial assessment' of compliance in individual cases. That is a live separation-of-functions objection to the Art. 57(7) guidance duty, raised by a supreme administrative court against its own government's implementing bill. It is a good, citable illustration of the institutional-conditions argument the manuscript is making — and it is about the guidance duty specifically, which is the same provision that carries the exit report.

I could not read draft Article 4.1 verbatim: internetconsultatie.nl is robots-disallowed to my fetch tool and two Dutch legal-commentary mirrors were blocked (robots/anti-bot). Whether Art. 4.1 restates the Art. 57(7) exit report is therefore unknown, not absent.","https://www.raadvanstate.nl/publicaties/consultaties/wetsvoorstel-uitvoeringswet-ai/
https://www.rdi.nl/documenten/2025/03/25/vormvoorstel-regulatory-sandbox-ai-verordening
https://www.rdi.nl/actueel/nieuws/2026/04/20/toezicht-ai-balans-veiligheid-en-innovatie
https://www.digitaleoverheid.nl/nieuws/consultatie-uitvoeringswet-ai-verordening-van-start/
https://www.binnenlandsbestuur.nl/juridisch/nederlands-toezicht-op-ai-verordening-bekend
https://declercq.com/blogs/wetsvoorstel-toezicht-ai
https://www.internetconsultatie.nl/uaiv/b1
https://ai-act-service-desk.ec.europa.eu/en/national-resources"
Poland,implementing,implementing,,high,2026-07-03,2026-07-27,2026-08-11,,0,unknown,"Art. 97(2) requires notification of the Commission and AI Board within 7 days of approving a sandbox exemption, implying a derogation mechanism, but Arts. 91-96 were not readable. Do not code yes without the statute text.",partial,"Funded in part by participant fees (reported 14,418 PLN general / 4,806 PLN local government, MSME exempt). Fee figures rest on a single outlet - re-verify before printing.",unknown,"Art. 98 runs participant-to-authority and Art. 97(3) concerns Art. 57(16); no Art. 57(7) transposition found, but Arts. 91-96 were not readable.",unknown,,2026-09-08,"Ustawa z dnia 3 lipca 2026 r. o systemach sztucznej inteligencji (Act of 3 July 2026 on artificial intelligence systems), Dz.U. 2026 poz. 1003. Sandbox provisions sit in Chapter 7 ""Środki wspierające innowacyjność"" (Measures supporting innovation), Arts. 91–99; Art. 6 pkt 11 assigns KRiBSI the task of creating and managing regulatory sandboxes.","Adopted 3 July 2026; published in Dziennik Ustaw 27 July 2026 (Dz.U. 2026 poz. 1003); entered into force 11 August 2026 (14 days after publication), with a further tranche of provisions (individual opinions Arts. 8–18, inspection/enforcement/complaints chapters) applying from 28 October 2026.","Komisja Rozwoju i Bezpieczeństwa Sztucznej Inteligencji (KRiBSI) — Commission for the Development and Safety of Artificial Intelligence. KRiBSI establishes the sandbox, runs the selection competitions and supervises participants. Not yet constituted: the chair is to be appointed by 11 October 2026 and the full Commission is expected to begin work in November 2026.","Not sector-limited. The Act does not enumerate sectors — the sandbox is open horizontally to AI providers/deployers, startups, micro/small/medium enterprises and local-government units (jednostki samorządu terytorialnego). No sectoral carve-in or carve-out identified in Arts. 91–99.",not specified,0 — none. The sandbox has not launched; KRiBSI does not yet exist and no competition round has been announced.,no,unknown,n/a,"Strongest case of the four. The national instrument is adopted, published and partly in force, and it contains a real sandbox regime rather than a placeholder. Verified from the statute's own article structure (Art. 6 pkt 11; Chapter 7, Arts. 91–99) via the lexlege mirror of the consolidated text and the infor.pl metryka for the Dz.U. citation; ISAP, eli.gov.pl, dziennikustaw.gov.pl and gov.pl were unreachable from this environment (robots.txt / egress policy), so I could not read the official PDF directly — the ISAP and ELI URLs are listed as the citation of record, not as pages I read. Flag this if the paper needs article text quoted verbatim. STATUS RATIONALE: 'implementing', not 'operational' — Deputy Minister Dariusz Standerski was quoted (rp.pl) saying launching the sandbox is 'a matter of three months' from the Commission's constitution, and the ministry intends to use that window for preparatory work. MECHANICS (from the statute as reported): participation is awarded through competitions (konkursy) organised and decided by KRiBSI, which publishes terms and selection criteria per round and produces a ranking list; applications carry technical system descriptions, product information and planned scope/reach; participation runs 6–12 months. Art. 97(1) has KRiBSI set the cap on affected users/entities and the scope of each project; Art. 97(2) requires notification of the European Commission and the AI Board within 7 days of approving a sandbox exemption; Art. 97(3) routes the Art. 57(16) reports onward. Art. 98 obliges the participant to file an ANNUAL progress report to KRiBSI and to publish notice of its sandbox participation on its website. Art. 99 gives KRiBSI inspection powers and an exclusion procedure (30-day remediation notice; exclusion resolution effective 14 days after service). EXIT REPORT — read carefully: I found NO provision in Arts. 91–99 codifying the Art. 57(7) exit report (the authority's written confirmation and detailed report of activities, results and learning outcomes issued TO the participant). Art. 98's annual report runs the other direction (participant to authority) and Art. 97(3) concerns Art. 57(16) reporting to the EU. Art. 57(7) is directly applicable regardless, so absence from the national text is not a legal gap — but do not code Poland 'yes' on this variable without reading Arts. 91–96 verbatim, which I could not access. Coded 'unknown' deliberately. FEES: reported by Forsal.pl as a one-off 14,418 PLN for general entities and 4,806 PLN for local-government units, with micro/small/medium enterprises exempt. The MŚP exemption is corroborated by rp.pl; the two PLN figures rest on Forsal alone — medium confidence, re-verify before printing a number. HEALTH: medical/health AI is not named anywhere in the sandbox chapter. Commentary (prawo.pl, 10 June 2026) uses a medical-device example only to make the point that MDR/IVDR obligations and full civil liability survive sandbox participation — illustrative commentary, not statutory scope; do not cite it as Poland naming health AI in scope.","https://www.infor.pl/akt-prawny/DZU.2026.208.0001003,metryka,ustawa-o-systemach-sztucznej-inteligencji.html
https://lexlege.pl/systemy-ai/art-97/
https://lexlege.pl/systemy-ai/art-98/
https://lexlege.pl/systemy-ai/art-99/
https://isap.sejm.gov.pl/isap.nsf/download.xsp/WDU20260001003/T/D20261003L.pdf
https://eli.gov.pl/eli/DU/2026/1003/ogl/pol
https://www.rp.pl/prawo-w-polsce/art44882741-polska-komisja-ds-ai-rozpocznie-prace-w-listopadzie
https://www.rp.pl/prawo-w-polsce/art44606901-sejm-przyjal-ustawe-o-sztucznej-inteligencji-komisja-ds-ai-i-piaskownice-regulacyjne-dla-firm
https://digitalhr.pl/nowosci/kribsi-ma-rozpoczac-prace-w-listopadzie-narzedzia-dla-firm-ruszaja-28-pazdziernika/
https://gdpr.pl/ustawa-o-systemach-sztucznej-inteligencji-weszla-w-zycie
https://www.dlklegal.com/2026-07-28-ustawa-o-systemach-ai-opublikowana/
https://forsal.pl/gospodarka/cyfryzacja/artykuly/11299567,piaskownica-regulacyjna-szansa-na-rozwijanie-technologii-ai-przez-pol.html
https://www.prawo.pl/biznes/piaskownica-regulacyjna-ai-zasady-dla-firm,1545400.html
https://www.gov.pl/web/cyfryzacja/ustawa-o-systemach-ai--bezpieczny-rozwoj-sztucznej-inteligencji-w-polsce"
Portugal,announced,announced,,medium,,,,,n/a,n-a,,n-a,,n-a,,n-a,,2026-09-08,"No national instrument establishing an AI Act Article 57 sandbox. The only national commitment found is Resolução do Conselho de Ministros n.º 2/2026, approving the Agenda Nacional de Inteligência Artificial 2026–2030, which lists ""Definição de sandboxes regulatórias"" as an action item in the 2026–2030 plan with no operating entity, criteria or timeline attached. Portugal separately has a pre-existing, general (non-AI-Act) sandbox regime — Decreto-Lei n.º 67/2021, de 30 de julho, on Zonas Livres Tecnológicas (ZLT), building on RCM n.º 29/2020, de 21 de abril — but neither ANI's ZLT programme nor any government source presents ZLT as Portugal's Article 57 sandbox.","RCM n.º 2/2026: adopted 8 January 2026, published/in force 9 January 2026. Decreto-Lei n.º 67/2021 (ZLT): 30 July 2021. No AI-Act-specific instrument as of 8 September 2026.","ANACOM (Autoridade Nacional de Comunicações) — announced by the Government on 19 September 2025 as national market surveillance authority and single point of contact, coordinating 14 sectoral bodies (Portugal has published its Art. 77 fundamental-rights authority list). No authority has been designated to operate a sandbox. Caveat: the formal instrument effecting the ANACOM designation has not been publicly identified — the Chambers Artificial Intelligence 2026 Portugal guide (as of May 2026) states expressly that the implementing act confirming the designation had not been publicly identified, while the CMS AI Regulation Scanner (updated 17 February 2026) calls the September 2025 designation 'formal'. Treat the designating instrument as unverified.","Not defined for AI. RCM 2/2026 does not scope the planned sandboxes. For context only, the four existing ZLT are scoped to defence/security (Infante D. Henrique), carbon-neutral mobility (Matosinhos), 5G/IoT/autonomous vehicles/AI/cybersecurity (Aveiro) and ocean renewable energy (Viana do Castelo) — none health.",not specified,"unknown — no AI Act sandbox exists, so none. ZLT admissions are a separate, non-AI-Act programme; ANI's ZLT application process was listed as 'under maintenance'.",no,unknown,n/a,"CODING CALL: 'announced' rests on one thread only — RCM 2/2026's inclusion of 'Definição de sandboxes regulatórias' as an action in the National AI Agenda 2026–2030. That is a real government commitment in a published Council of Ministers resolution, clearing the 'public commitment, no instrument' bar, but it is thin: no operator, no timeline, no criteria. If your codebook requires the commitment to be sandbox-specific rather than a line item in a five-year strategy, 'nothing_reported' is also defensible. SOURCING CAVEAT: I could not read the full RCM 2/2026 text — diariodarepublica.pt is JavaScript-gated and anacom.pt returns 403 to automated fetches from this environment — so the 'Definição de Sandboxes regulatórias' wording comes from the CMS Portugal summary of the resolution, not from the Diário da República text itself. VERIFY THAT LINE VERBATIM before it carries weight in the paper; the diariodarepublica and digital.gov.pt URLs are the places to do it. TRAP TO AVOID: several sources conflate the Zonas Livres Tecnológicas regime (DL 67/2021) with an AI Act sandbox. They are distinct instruments with distinct legal bases; ANI's own ZLT page makes no reference to Article 57. Do not code Portugal 'implementing' on the strength of DL 67/2021. Portugal has enacted no dedicated AI Act implementing law as of the most recent sources checked (CMS, 17 Feb 2026; Chambers, May 2026; PwC Portugal, 2026). STALENESS FLAG: PwC's 2026 piece still describes sandboxes as something that 'must become available' from 2 August 2026 — that predates or ignores the Digital Omnibus; the live member-state deadline is 2 August 2027.","https://diariodarepublica.pt/dr/detalhe/resolucao-conselho-ministros/2-2026-1000882016
https://digital.gov.pt/pt/documentos/resolucao-do-conselho-de-ministros-2-2026
https://cms.law/pt/prt/news-information/agenda-nacional-de-inteligencia-artificial-2026-2030
https://cms.law/en/int/expert-guides/ai-regulation-scanner/portugal
https://practiceguides.chambers.com/practice-guides/artificial-intelligence-2026/portugal
https://ani.pt/zonas-livres-tecnologicas/
https://pt.andersen.com/2025/10/03/ai-act-anacom-assume-supervisao-em-portugal/
https://www.anacom.pt/render.jsp?contentId=1800891
https://www.pwc.pt/pt/sala-imprensa/artigos-opiniao/2026/ai-act-muda-empresas-portugal-2026.html
https://www.publico.pt/2025/09/19/ciencia/noticia/anacom-sera-reguladora-inteligencia-artificial-portugal-anuncia-governo-2147791"
Romania,nothing_reported,nothing_reported,,high,,,,,n/a,n-a,,n-a,,n-a,,n-a,,2026-09-08,"None found. No lege, ordonanță de urgență (OUG) or hotărâre de guvern (HG) establishing an AI regulatory sandbox, and no national AI Act implementing legislation in force. The only national act located is a Government Memorandum proposing the institutional architecture (authorities under Arts. 70 and 77), which does not address Articles 57–63.",unknown — the Government Memorandum's date is not stated in ANCOM's own communication and I could not verify it from a primary source.,"None designated for a sandbox, and none formally designated under Article 70. ANCOM (Autoritatea Națională pentru Administrare și Reglementare în Comunicații) is PROPOSED via the Government Memorandum as national market surveillance authority and single point of contact, alongside ASF and BNR (high-risk AI in financial services), ANSPDCP (biometric and law-enforcement AI) and sectoral bodies (ANPC, Inspecția Muncii). ANCOM states expressly that it and the other authorities cannot verify or sanction non-compliance until the national implementing act enters into force.",unknown — no sandbox instrument exists.,not specified,"unknown — no sandbox exists, so none.",no,unknown,n/a,"Cleanest negative case of the four, confirmed from the regulator's own mouth. ANCOM's press release of 24 July 2026, 'Artificial Intelligence Act in Romania — current state of the implementation framework', says national implementing legislation is still being drafted, lists only the Memorandum-proposed authorities, and contains NO mention whatsoever of an Article 57 sandbox — not planned, not funded, not timed. Independent Romanian coverage through July–August 2026 (Agerpres, Economedia, Bursa, Edupedu, juridice.ro) describes a 'vid legislativ' in which the AI Act applies but is nationally unenforceable, and none reports a sandbox. Romania missed the 2 August 2025 Art. 70 designation deadline. Note the two sources I could not open directly: juridice.ro returned 403 and hategan.ro failed robots.txt from this environment, so the Romanian legal-commentary side rests on edupedu.ro, money.ro and the ANCOM release; juridice.ro is listed as the citation to verify rather than a page I read. HISTORICAL THREAD IF YOU NEED IT: an October 2025 MIAI/ai-regulation.com survey states Romania had submitted a draft AI bill to Parliament that drew majority-negative opinions in the legislative procedure for failing to address AI Act implementation adequately; by July 2026 ANCOM describes drafting as still under way, suggesting that earlier bill did not survive. I did not verify that bill's number or fate — if the paper wants Romania's legislative history rather than current state, check the Camera Deputaților and Senat registers, which were not reachable here. CONFIDENCE NOTE: high confidence that nothing is reported — a distinct claim from high confidence that nothing exists, though a national sandbox operating without the market surveillance authority mentioning it in a July 2026 status release is implausible.","https://www.ancom.ro/en/about-us/media-en/press-releases/artificial-intelligence-act-in-romania-current-state-of-the-implementation-framework/
https://agerpres.ro/economic/2026/07/24/ancom-regulamentul-european-privind-ai-trebuie-pus-in-aplicare-in-romania-din-2-august-2026--1579130
https://economedia.ro/ai-act-intra-intr-o-noua-etapa-de-aplicare-din-2-august-ancom-pregateste-cadrul-national-de-implementare-companiile-trebuie-sa-se-pregateasca-pentru-conformare-cand-vor-fi-putea-fi-aplicate-sancti.html
https://www.edupedu.ro/romania-ramane-fara-autoritate-desemnata-pentru-ai-act-in-timp-ce-alte-state-ue-au-deja-sanctiuni-operationale/
https://www.money.ro/stiri/romania-pregateste-legea-pentru-inteligenta-artificiala-ancom-va-supraveghea-pia-ms2xace6
https://www.bursa.ro/ai-act-lege-europeana-fara-8222dinti8221-in-romania-autoritatile-nu-pot-aplica-sanctiuni-inca-06767950
https://www.juridice.ro/843172/ai-act-se-aplica-in-romania-dar-nu-poate-fi-inca-sanctionat-ce-inseamna-vidul-legislativ-national-pentru-operatori.html
https://ai-regulation.com/designation-of-national-competent-authorities-under-the-eu-ai-act/"
Slovakia,announced,announced,,medium,,,,,n/a,n-a,,partial,"Impact statement carries EUR 8.24m and 68 new public-sector posts, of which EUR 6.28m is unfunded; bill not enacted. Sources disagree on the year - verify the dolozka vplyvov.",unknown,,unknown,,2026-09-08,"Návrh zákona o štátnej správe v oblasti umelej inteligencie a európskej dátovej regulácie (draft Act on state administration in the field of artificial intelligence and European data regulation) — a GOVERNMENT BILL, approved by the Government of the Slovak Republic but NOT enacted. Not yet passed by the National Council (NR SR) and not published in the Zbierka zákonov, so it carries no law number. Earlier-stage title in circulation: 'návrh zákona o organizácii štátnej správy v oblasti umelej inteligencie'.",Approved by the Government on 26 August 2026. Proposed entry into force: 1 January 2027. Preceded by inter-ministerial comment procedure (pripomienkové konanie) and Legislative Council of the Government review during mid-2026. No NR SR vote confirmed as of 8 September 2026.,"MIRRI SR — Ministerstvo investícií, regionálneho rozvoja a informatizácie Slovenskej republiky. Under the bill MIRRI would be the general AI market surveillance authority and single point of contact, would act as data coordinator, and is expressly tasked with establishing, operating and developing the regulačné experimentálne prostredie (regulatory experimental environment / sandbox). Sectoral supervision would be split with NBÚ, the Úrad na ochranu osobných údajov, the Úrad inšpekčnej služby and the Ministry of Justice. The designation takes legal effect only on the law's entry into force — Slovakia had made no public Art. 70 designation as of the August 2025 deadline.",Not defined. The bill does not enumerate sectors for the sandbox; the provision is drafted at a high level of generality.,not specified,0 — none. No sandbox exists; the enabling law is not in force.,no,unknown,n/a,"CODING CALL — read before using: applying your rubric strictly ('implementing' = legal instrument PASSED or authority DESIGNATED), Slovakia is 'announced' — the bill is government-approved but not enacted, and MIRRI's designation has no legal effect until 1 January 2027 at the earliest. A looser reading that counts cabinet approval of a bill naming an operator as 'implementing' is arguable; if your codebook sets the threshold there, recode. I chose the conservative code. Flag the borderline in the coding appendix: Slovakia and Portugal both sit near whatever line you draw and a reviewer will probe it. SUBSTANCE WORTH CITING: Slovak practitioner commentary (Prosman & Pavlovič) criticises the sandbox provision as normatively empty — the draft 'essentially limits itself to a general statement' and does not resolve data handling, cybersecurity requirements, separation of testing from production, or an implementation timeline. That is a quotable data point for an argument that Article 57 transposition is being done thinly, and it is a lawyers' reading of the bill text rather than a tracker summary. FISCAL DETAIL: the impact statement carries €8.24m and 68 new public-sector posts (reported for 2026 by info.sk and for 2027 by teraz.sk — the two outlets disagree on the year, so do not print a year without checking the doložka vplyvov), with €6.28m unfunded. SOURCING CAVEAT: mirri.gov.sk and skubla.sk were unreachable from this environment (robots.txt / connect failures) and are listed as citations to verify, not pages I read; the bill's exact title, the 26 August 2026 approval date and the 1 January 2027 effective date rest on Slovak press (teraz.sk/TASR, info.sk, openiazoch.zoznam.sk) plus law-firm commentary. Pull the parlamentná tlač number from the NR SR register and the doložka before citing. EXIT REPORT: nothing in any source indicates the bill codifies Art. 57(7); given the criticism that the provision is a bare general statement it very likely does not — but 'unknown' is the honest code without the bill text.","https://www.teraz.sk/spravy/vlada-dohlad-nad-ai-ma-koordinovat/987606-clanok.html
https://www.info.sk/sprava/281740/vlada-schvalila-dohlad-nad-umelou-inteligenciou-mirri-povedie-kontrolu-ai-a-zriadi-sandbox
https://openiazoch.zoznam.sk/technologie/dohlad-nad-umelou-inteligenciou-preberie-mirri-vznikne-aj-regulovany-ai-sandbox/
https://www.prosman-pavlovic.sk/novy-slovensky-zakon-o-umelej-inteligencii-co-prinasa-a-ake-otazky-otvara-z-pohladu-praxe/
https://www.skubla.sk/clanky/navrh-zakona-o-organizacii-statnej-spravy-v-oblasti-umelej-inteligencie
https://mirri.gov.sk/aktuality/ministerstvo/slovensko-je-o-krok-blizsie-k-jasnym-pravidlam-pre-umelu-inteligenciu-zakon-o-ai-smeruje-do-dalsej-fazy/
https://mirri.gov.sk/aktuality/digitalna-agenda/zodpovedna-digitalizacia-mirri-predstavilo-navrhy-zakonov-o-umelej-inteligencii-a-sprave-udajov/
https://www.techbyte.sk/2026/08/mirri-regulacia-ai-prichadza-novy-zakon/
https://www.teraz.sk/ekonomika/mirri-navrh-zakona-o-ai-smeruje-na-ro/984833-clanok.html
https://ai-regulation.com/designation-of-national-competent-authorities-under-the-eu-ai-act/"
Slovenia,implementing,implementing,,medium,,2025-11-06,,,unknown,unknown,,unknown,,unknown,An annual duty tied to Art. 57(16) surfaced; no Art. 57(7) clause surfaced. Art. 17 ZIUDHPUI was not read in full.,unknown,,2026-09-08,"Zakon o izvajanju uredbe (EU) o določitvi harmoniziranih pravil o umetni inteligenci (ZIUDHPUI), Uradni list RS, št. 85/2025. The sandbox provision is Article 17, implementing Art. 57 of Regulation (EU) 2024/1689.",Published in Uradni list RS on 6 November 2025 (Uradni list RS št. 85/2025). Exact adoption date in the Državni zbor and entry-into-force date not independently verified.,"Agencija za komunikacijska omrežja in storitve Republike Slovenije (AKOS) — Agency for Communication Networks and Services. AKOS coordinates with notified bodies, market surveillance authorities and sectoral inspectorates for the specific domain chosen.","Not yet fixed. ZIUDHPUI Art. 17 provides that the sandbox's substantive domain is chosen by AKOS via a public call (javni poziv), with selection criteria including the number of similar proposals in a content area, the number of AI technologies within it, expected societal impact and alignment with the public interest, and a higher risk level of the AI use. The competent ministry may also designate a domain directly on public-interest grounds.",not specified,"unknown — no admitted participants reported. AKOS had issued a public call inviting the public to propose the sandbox's content area, but I could not establish the call's opening date, deadline, or outcome from a primary source.",no,unknown,n/a,"The instrument and the competent authority are solid: ZIUDHPUI, Uradni list RS 85/2025, AKOS, sandbox at Art. 17. Everything downstream is thin. (1) Slovenia uses a two-stage design that is distinctive and worth noting in the paper: a first public call selects the sandbox's *subject-matter domain*, and only then does a second open call invite candidates to test AI systems within it. Participant-level entry criteria therefore cannot exist until stage one closes — hence entry_criteria_published = no rather than unknown. Published so far is only an outline: priority and free access for startups and SMEs. (2) Exit report: the Uradni-list reading I obtained surfaced an annual reporting duty tied to Art. 57(16) of the AI Act, and did not surface an Art. 57(7) exit-report clause. I am not confident either way — I could not read the full text of Art. 17 (WebFetch session limit hit). Marked unknown; the fix is a direct read of Art. 17 ZIUDHPUI on uradni-list.si or pisrs.si. (3) STALENESS FLAG relevant to the paper: AKOS's own English sandbox page still states the establishment deadline as 2 August 2026, i.e. it has not been updated for Regulation (EU) 2026/1744. Treat any date framing on that page as pre-Omnibus. (4) Health/medical AI is not named anywhere I found; do not infer it from the general framing.","https://www.uradni-list.si/glasilo-uradni-list-rs/vsebina/2025-01-3035/zakon-o-izvajanju-uredbe-eu-o-dolocitvi-harmoniziranih-pravil-o-umetni-inteligenci-ziudhpui
https://www.akos-rs.si/en/umetna-inteligenca/explore/regulatory-sandboxes-for-artificial-intelligence-systems
https://www.sta.si/3566542/javnost-lahko-predlaga-vsebinsko-podrocje-regulativnega-peskovnika-za-umetno-inteligenco
https://www.jadek-pensa.si/kaj-prinasa-zakon-o-izvajanju-akta-o-umetni-inteligenci/"
Spain,operational,precursor,Pre-AI-Act precursor scheme under RD 817/2023. Sunsets ~Nov 2026 per the RD's own vigencia clause; the Art. 57-native instrument remains an unenacted bill.,medium,2023-11-08,2023-11-09,,,12,no,RD 817/2023 creates a controlled compliance-testing environment against the then-proposed Regulation; no power to disapply national rules.,unknown,,partial,"Art. 23 RD 817/2023 is bidirectional: participants report to the Subdireccion General, and the authority issues a participation certificate plus an evaluation report. Those are documents, not instruments carrying weight in a conformity procedure.",no,RD 817/2023 predates the Regulation and cannot reference Art. 58.,2026-09-08,"Real Decreto 817/2023, de 8 de noviembre, por el que se establece un entorno controlado de pruebas para el ensayo del cumplimiento de la propuesta de Reglamento ... en materia de inteligencia artificial (BOE-A-2023-22767, published BOE 9 Nov 2023). NOTE: an Article 57-native instrument is still pending — Proyecto de Ley Orgánica para el buen uso y la gobernanza de la inteligencia artificial, approved by the Consejo de Ministros 26 May 2026 and under parliamentary consideration as BOCG-15-A-97-1 (expediente 121/000096); not enacted as of 8 Sept 2026.",8 November 2023 (RD 817/2023); pending Ley Orgánica approved as a bill 26 May 2026,"Secretaría de Estado de Digitalización e Inteligencia Artificial (SEDIA), Ministerio para la Transformación Digital y de la Función Pública, named as 'órgano competente' in RD 817/2023. AESIA (Agencia Española de Supervisión de la Inteligencia Artificial, created by RD 729/2023) is the designated AI supervisory agency and is the expected operator under the pending Ley Orgánica — but the sandbox cohort actually run in 2025 was administered by SEDIA. Do not attribute the 2025 cohort to AESIA without further checking.","RD 817/2023 annex lists eight Annex-III-style high-risk areas (biometrics; critical infrastructure; education and vocational training; employment and worker management; access to essential public and private services; law enforcement; migration/asylum/border control; administration of justice and democratic processes). In practice the admitted cohort spans essential services, biometrics, employment, critical infrastructure, machinery, medical devices (productos sanitarios) and in vitro diagnostic medical devices.",yes,"12 high-risk AI systems, provisionally selected from 44 applications (call closed 30 January 2025; cohort work began April 2025). Two are medical-device systems: CL@UDIA and Tucuvi Health Manager.",yes,yes,UNVERIFIED — verify agent did not run,"Facts on the 2025 cohort are well sourced; the characterisation is the delicate part and matters for the paper. (1) RD 817/2023 predates the AI Act and is expressly framed as testing compliance with the *proposal* for the AI Regulation; it is time-limited to a maximum of 36 months from entry into force or until the AI Act becomes applicable in Spain. So Spain's running sandbox is best described as a transitional/precursor scheme that in practice satisfies the Art. 57 function, not a sandbox created under a national Art. 57 transposition. If the paper codes Spain as 'operational under Art. 57' that claim should be hedged. (2) Exit report: Art. 23 RD 817/2023 obliges participants to submit a report to the competent body on exit, with content specified in guidance the competent body issues. That is a participant-to-authority report, which is NOT the same direction of obligation as Art. 57(7), where the sandbox authority provides an exit report to the participant. Coded 'yes' because a national exit-report obligation exists, but the Art. 57(7)-specific mapping is unverified — recommend reading Arts. 22-23 of the RD directly before citing. (3) The first cohort's testing phase concluded and 15 guidance documents (2 general + 13 technical) plus compliance checklists were published on 11 December 2025; no second call was confirmed as of Sept 2026. (4) A Moncloa release also gives entity counts (18 SMEs, 6 startups) that do not reconcile cleanly with '12 systems' — likely counting consortium members; do not cite the entity counts without verifying. (5) I could not retrieve the BOE full text or the digital.gob.es 'Resultados' page directly (robots/proxy blocks and a WebFetch session limit), so the RD annex list and Art. 23 wording come from one WebFetch of the BOE diario page plus corroborating Spanish legal commentary — worth one direct re-read of BOE-A-2023-22767 before submission.","https://www.boe.es/diario_boe/txt.php?id=BOE-A-2023-22767
https://www.lamoncloa.gob.es/serviciosdeprensa/notasprensa/transformacion-digital-y-funcion-publica/paginas/2025/030425-primer-entorno-pruebas-ia.aspx
https://www.lamoncloa.gob.es/serviciosdeprensa/notasprensa/transformacion-digital-y-funcion-publica/paginas/2025/111225-lopez-empresas-guias-ia.aspx
https://digital.gob.es/digitalizacion/areas-interes/sandbox-ia/convocatoria
https://digital.gob.es/digitalizacion/areas-interes/sandbox-ia/resultados
https://www.congreso.es/public_oficiales/L15/CONG/BOCG/A/BOCG-15-A-97-1.PDF
https://www.lamoncloa.gob.es/consejodeministros/resumenes/paginas/2026/260526-rueda-prensa-ministros.aspx"
Sweden,implementing,implementing,,medium,,,,,n/a,n-a,,n-a,,n-a,,n-a,,2026-09-08,"No enacted national instrument establishing the sandbox. Two things exist instead: (a) a government assignment (regeringsuppdrag) of June 2026, 'Uppdrag att vara nationella behöriga myndigheter enligt AI-förordningen', tasking Post- och telestyrelsen (PTS), Integritetsskyddsmyndigheten (IMY), Finansinspektionen, Läkemedelsverket and Swedac with acting as national competent authorities on an interim basis, reported as running through 31 December 2026, with PTS given responsibility for establishing the mandatory regulatory sandbox; and (b) SOU 2025:101, 'Anpassningar till AI-förordningen – Säker användning, effektiv kontroll och stöd för innovation' (6 October 2025), a public inquiry proposing a new Swedish act and ordinance with PTS as the sandbox authority — still at consultation/remiss stage, not law.",SOU 2025:101 published 6 October 2025; government assignment dated June 2026 (exact day and diarienummer not confirmed),"Post- och telestyrelsen (PTS) — assigned lead responsibility for the AI Act in Sweden and specifically for establishing the regulatory sandbox. IMY is the market surveillance authority for its areas; Läkemedelsverket is the competent authority for AI in medical devices, but that is a market-surveillance role, not sandbox operation.","Not specified. PTS describes an intended cross-sector sandbox open to Swedish companies from startups to large industrial firms and to public-sector actors, with other agencies drawn in for data protection, GDPR and transparency questions. No sectoral scoping decision has been published.",not specified,unknown — none. Applications are not open; PTS is running a stakeholder survey to inform the sandbox's design.,no,unknown,n/a,"Sweden is the clearest 'implementing, not operational' case of the three. As of the PTS sandbox page's last update on 27 July 2026, PTS was in the planning phase, admission criteria were explicitly still to be defined, and no application process had been announced. (1) Sweden has NO enacted national sandbox instrument — code legal_instrument as 'none found' if the paper's coding scheme requires an enacted law; the June 2026 regeringsuppdrag is an administrative assignment, not legislation, and it is time-limited. (2) A common error to avoid: several secondary sources present IMY as Sweden's AI Act authority generally. IMY is a market surveillance authority; the sandbox sits with PTS. Both statements appear on the respective agencies' own sites and are not in conflict once the roles are separated. (3) The June 2026 government decision is sourced to regeringen.se's regeringsuppdrag listing plus a Swedish law-firm summary; I did not read the decision text itself, so the 31 December 2026 end date and the precise list of five agencies should be confirmed against the regeringen.se document before citation. (4) Useful corroboration on the Omnibus for the paper: IMY's own AI Act page states the sandbox deadline is extended to 2 August 2027 and that high-risk obligations shift from 2 August 2026 — a national-authority primary source confirming the post-Omnibus timeline. (5) Exit report: unknown by construction, since no national instrument exists to impose one.","https://www.regeringen.se/regeringsuppdrag/2026/06/uppdrag-att-vara-nationella-behoriga-myndigheter-enligt-al-forordningen
https://www.regeringen.se/rattsliga-dokument/statens-offentliga-utredningar/2025/10/sou-2025101/
https://www.riksdagen.se/sv/dokument-och-lagar/dokument/statens-offentliga-utredningar/anpassningar-till-ai-forordningen_hdb3101/html/
https://pts.se/ai/ai-forordningen/regulatorisk-sandlada-for-ai/
https://pts.se/ai/ai-forordningen/
https://www.imy.se/verksamhet/ai/ai-forordningen/"
